Country Code,Year,five_yr_CDS
AFG,1997.0,
AFG,1998.0,
AFG,1999.0,
AFG,2000.0,
AFG,2001.0,
AFG,2002.0,
AFG,2003.0,
AFG,2004.0,
AFG,2005.0,
AFG,2006.0,
AFG,2007.0,
AFG,2008.0,
AFG,2009.0,
AFG,2010.0,
AFG,2011.0,
AFG,2012.0,
AFG,2013.0,
AFG,2014.0,
AFG,2015.0,
ALB,1997.0,
ALB,1998.0,
ALB,1999.0,
ALB,2000.0,
ALB,2001.0,
ALB,2002.0,
ALB,2003.0,
ALB,2004.0,
ALB,2005.0,
ALB,2006.0,
ALB,2007.0,
ALB,2008.0,
ALB,2009.0,
ALB,2010.0,
ALB,2011.0,
ALB,2012.0,
ALB,2013.0,
ALB,2014.0,
ALB,2015.0,
DZA,1997.0,
DZA,1998.0,
DZA,1999.0,
DZA,2000.0,
DZA,2001.0,
DZA,2002.0,
DZA,2003.0,
DZA,2004.0,
DZA,2005.0,
DZA,2006.0,
DZA,2007.0,
DZA,2008.0,
DZA,2009.0,
DZA,2010.0,
DZA,2011.0,
DZA,2012.0,
DZA,2013.0,
DZA,2014.0,
DZA,2015.0,
AND,1997.0,
AND,1998.0,
AND,1999.0,
AND,2000.0,
AND,2001.0,
AND,2002.0,
AND,2003.0,
AND,2004.0,
AND,2005.0,
AND,2006.0,
AND,2007.0,
AND,2008.0,
AND,2009.0,
AND,2010.0,
AND,2011.0,
AND,2012.0,
AND,2013.0,
AND,2014.0,
AND,2015.0,
AGO,1997.0,
AGO,1998.0,
AGO,1999.0,
AGO,2000.0,
AGO,2001.0,
AGO,2002.0,
AGO,2003.0,
AGO,2004.0,
AGO,2005.0,
AGO,2006.0,
AGO,2007.0,
AGO,2008.0,
AGO,2009.0,
AGO,2010.0,
AGO,2011.0,
AGO,2012.0,
AGO,2013.0,
AGO,2014.0,
AGO,2015.0,
ATG,1997.0,
ATG,1998.0,
ATG,1999.0,
ATG,2000.0,
ATG,2001.0,
ATG,2002.0,
ATG,2003.0,
ATG,2004.0,
ATG,2005.0,
ATG,2006.0,
ATG,2007.0,
ATG,2008.0,
ATG,2009.0,
ATG,2010.0,
ATG,2011.0,
ATG,2012.0,
ATG,2013.0,
ATG,2014.0,
ATG,2015.0,
ARG,1997.0,373.6232
ARG,1998.0,609.10025
ARG,1999.0,693.0833333333334
ARG,2000.0,569.1666666666666
ARG,2001.0,2851.833333333333
ARG,2002.0,
ARG,2003.0,
ARG,2004.0,
ARG,2005.0,350.6157142857143
ARG,2006.0,263.5808333333333
ARG,2007.0,314.9716666666666
ARG,2008.0,1524.416666666667
ARG,2009.0,2136.0
ARG,2010.0,878.3333333333334
ARG,2011.0,744.1666666666666
ARG,2012.0,1228.5525
ARG,2013.0,2693.087272727273
ARG,2014.0,21978.62583333334
ARG,2015.0,15487.9925
ARM,1997.0,
ARM,1998.0,
ARM,1999.0,
ARM,2000.0,
ARM,2001.0,
ARM,2002.0,
ARM,2003.0,
ARM,2004.0,
ARM,2005.0,
ARM,2006.0,
ARM,2007.0,
ARM,2008.0,
ARM,2009.0,
ARM,2010.0,
ARM,2011.0,
ARM,2012.0,
ARM,2013.0,
ARM,2014.0,
ARM,2015.0,
ABW,1997.0,
ABW,1998.0,
ABW,1999.0,
ABW,2000.0,
ABW,2001.0,
ABW,2002.0,
ABW,2003.0,
ABW,2004.0,
ABW,2005.0,
ABW,2006.0,
ABW,2007.0,
ABW,2008.0,
ABW,2009.0,
ABW,2010.0,
ABW,2011.0,
ABW,2012.0,
ABW,2013.0,
ABW,2014.0,
ABW,2015.0,
AUS,1997.0,
AUS,1998.0,
AUS,1999.0,
AUS,2000.0,
AUS,2001.0,4.0
AUS,2002.0,4.75
AUS,2003.0,4.0
AUS,2004.0,3.416666666666667
AUS,2005.0,2.0
AUS,2006.0,2.0
AUS,2007.0,2.25
AUS,2008.0,35.33333333333334
AUS,2009.0,71.83333333333333
AUS,2010.0,48.33333333333334
AUS,2011.0,65.83333333333333
AUS,2012.0,65.7675
AUS,2013.0,45.23090909090909
AUS,2014.0,37.89975
AUS,2015.0,38.43749999999999
AUT,1997.0,
AUT,1998.0,
AUT,1999.0,
AUT,2000.0,
AUT,2001.0,
AUT,2002.0,
AUT,2003.0,
AUT,2004.0,
AUT,2005.0,2.333333333333333
AUT,2006.0,2.13625
AUT,2007.0,2.8248
AUT,2008.0,41.8459
AUT,2009.0,107.5945
AUT,2010.0,79.46166666666667
AUT,2011.0,110.4809166666667
AUT,2012.0,119.2335
AUT,2013.0,35.62208333333334
AUT,2014.0,31.75508333333333
AUT,2015.0,25.36483333333334
AZE,1997.0,
AZE,1998.0,
AZE,1999.0,
AZE,2000.0,
AZE,2001.0,
AZE,2002.0,
AZE,2003.0,
AZE,2004.0,
AZE,2005.0,
AZE,2006.0,
AZE,2007.0,
AZE,2008.0,
AZE,2009.0,
AZE,2010.0,
AZE,2011.0,
AZE,2012.0,
AZE,2013.0,
AZE,2014.0,
AZE,2015.0,
BHS,1997.0,
BHS,1998.0,
BHS,1999.0,
BHS,2000.0,
BHS,2001.0,
BHS,2002.0,
BHS,2003.0,
BHS,2004.0,
BHS,2005.0,
BHS,2006.0,
BHS,2007.0,
BHS,2008.0,
BHS,2009.0,
BHS,2010.0,
BHS,2011.0,
BHS,2012.0,
BHS,2013.0,
BHS,2014.0,
BHS,2015.0,
BHR,1997.0,
BHR,1998.0,
BHR,1999.0,
BHR,2000.0,
BHR,2001.0,
BHR,2002.0,
BHR,2003.0,
BHR,2004.0,
BHR,2005.0,36.75
BHR,2006.0,22.75
BHR,2007.0,16.66666666666667
BHR,2008.0,159.3333333333333
BHR,2009.0,342.6666666666667
BHR,2010.0,152.5833333333333
BHR,2011.0,296.8333333333333
BHR,2012.0,317.4166666666667
BHR,2013.0,232.0890909090909
BHR,2014.0,181.4160833333333
BHR,2015.0,300.915
BGD,1997.0,
BGD,1998.0,
BGD,1999.0,
BGD,2000.0,
BGD,2001.0,
BGD,2002.0,
BGD,2003.0,
BGD,2004.0,
BGD,2005.0,
BGD,2006.0,
BGD,2007.0,
BGD,2008.0,
BGD,2009.0,
BGD,2010.0,
BGD,2011.0,
BGD,2012.0,
BGD,2013.0,
BGD,2014.0,
BGD,2015.0,
BRB,1997.0,
BRB,1998.0,
BRB,1999.0,
BRB,2000.0,
BRB,2001.0,
BRB,2002.0,
BRB,2003.0,
BRB,2004.0,
BRB,2005.0,
BRB,2006.0,
BRB,2007.0,
BRB,2008.0,
BRB,2009.0,
BRB,2010.0,
BRB,2011.0,
BRB,2012.0,
BRB,2013.0,
BRB,2014.0,
BRB,2015.0,
BLR,1997.0,
BLR,1998.0,
BLR,1999.0,
BLR,2000.0,
BLR,2001.0,
BLR,2002.0,
BLR,2003.0,
BLR,2004.0,
BLR,2005.0,
BLR,2006.0,
BLR,2007.0,
BLR,2008.0,
BLR,2009.0,
BLR,2010.0,
BLR,2011.0,
BLR,2012.0,
BLR,2013.0,
BLR,2014.0,
BLR,2015.0,
BEL,1997.0,
BEL,1998.0,
BEL,1999.0,
BEL,2000.0,
BEL,2001.0,
BEL,2002.0,
BEL,2003.0,5.5345
BEL,2004.0,3.378583333333334
BEL,2005.0,2.854166666666667
BEL,2006.0,2.5385
BEL,2007.0,3.672583333333333
BEL,2008.0,33.51318181818181
BEL,2009.0,65.15458333333333
BEL,2010.0,116.9419166666667
BEL,2011.0,208.6231666666666
BEL,2012.0,182.2865833333333
BEL,2013.0,63.22825
BEL,2014.0,44.732
BEL,2015.0,40.17183333333333
BLZ,1997.0,
BLZ,1998.0,
BLZ,1999.0,
BLZ,2000.0,
BLZ,2001.0,
BLZ,2002.0,
BLZ,2003.0,
BLZ,2004.0,
BLZ,2005.0,
BLZ,2006.0,
BLZ,2007.0,
BLZ,2008.0,
BLZ,2009.0,
BLZ,2010.0,
BLZ,2011.0,
BLZ,2012.0,
BLZ,2013.0,
BLZ,2014.0,
BLZ,2015.0,
BEN,1997.0,
BEN,1998.0,
BEN,1999.0,
BEN,2000.0,
BEN,2001.0,
BEN,2002.0,
BEN,2003.0,
BEN,2004.0,
BEN,2005.0,
BEN,2006.0,
BEN,2007.0,
BEN,2008.0,
BEN,2009.0,
BEN,2010.0,
BEN,2011.0,
BEN,2012.0,
BEN,2013.0,
BEN,2014.0,
BEN,2015.0,
BMU,1997.0,
BMU,1998.0,
BMU,1999.0,
BMU,2000.0,
BMU,2001.0,
BMU,2002.0,
BMU,2003.0,
BMU,2004.0,
BMU,2005.0,
BMU,2006.0,
BMU,2007.0,
BMU,2008.0,
BMU,2009.0,
BMU,2010.0,
BMU,2011.0,
BMU,2012.0,
BMU,2013.0,
BMU,2014.0,
BMU,2015.0,
BTN,1997.0,
BTN,1998.0,
BTN,1999.0,
BTN,2000.0,
BTN,2001.0,
BTN,2002.0,
BTN,2003.0,
BTN,2004.0,
BTN,2005.0,
BTN,2006.0,
BTN,2007.0,
BTN,2008.0,
BTN,2009.0,
BTN,2010.0,
BTN,2011.0,
BTN,2012.0,
BTN,2013.0,
BTN,2014.0,
BTN,2015.0,
BOL,1997.0,
BOL,1998.0,
BOL,1999.0,
BOL,2000.0,
BOL,2001.0,
BOL,2002.0,
BOL,2003.0,
BOL,2004.0,
BOL,2005.0,
BOL,2006.0,
BOL,2007.0,
BOL,2008.0,
BOL,2009.0,
BOL,2010.0,
BOL,2011.0,
BOL,2012.0,
BOL,2013.0,
BOL,2014.0,
BOL,2015.0,
BIH,1997.0,
BIH,1998.0,
BIH,1999.0,
BIH,2000.0,
BIH,2001.0,
BIH,2002.0,
BIH,2003.0,
BIH,2004.0,
BIH,2005.0,
BIH,2006.0,
BIH,2007.0,
BIH,2008.0,
BIH,2009.0,
BIH,2010.0,
BIH,2011.0,
BIH,2012.0,
BIH,2013.0,
BIH,2014.0,
BIH,2015.0,
BWA,1997.0,
BWA,1998.0,
BWA,1999.0,
BWA,2000.0,
BWA,2001.0,
BWA,2002.0,
BWA,2003.0,
BWA,2004.0,
BWA,2005.0,
BWA,2006.0,
BWA,2007.0,
BWA,2008.0,
BWA,2009.0,
BWA,2010.0,
BWA,2011.0,
BWA,2012.0,
BWA,2013.0,
BWA,2014.0,
BWA,2015.0,
BRA,1997.0,433.1283999999999
BRA,1998.0,890.4000833333334
BRA,1999.0,959.25
BRA,2000.0,540.8333333333334
BRA,2001.0,837.5
BRA,2002.0,2027.5
BRA,2003.0,948.2418333333334
BRA,2004.0,546.0098333333334
BRA,2005.0,318.8675833333334
BRA,2006.0,136.2333333333333
BRA,2007.0,89.125
BRA,2008.0,180.6666666666667
BRA,2009.0,207.9166666666667
BRA,2010.0,125.0
BRA,2011.0,132.4166666666667
BRA,2012.0,129.7575
BRA,2013.0,159.9190909090909
BRA,2014.0,161.4530833333333
BRA,2015.0,327.9883333333333
BRN,1997.0,
BRN,1998.0,
BRN,1999.0,
BRN,2000.0,
BRN,2001.0,
BRN,2002.0,
BRN,2003.0,
BRN,2004.0,
BRN,2005.0,
BRN,2006.0,
BRN,2007.0,
BRN,2008.0,
BRN,2009.0,
BRN,2010.0,
BRN,2011.0,
BRN,2012.0,
BRN,2013.0,
BRN,2014.0,
BRN,2015.0,
BGR,1997.0,
BGR,1998.0,819.1666666666666
BGR,1999.0,552.0833333333334
BGR,2000.0,506.25
BGR,2001.0,486.6666666666667
BGR,2002.0,308.4166666666667
BGR,2003.0,188.3333333333333
BGR,2004.0,83.75
BGR,2005.0,38.25
BGR,2006.0,30.57583333333334
BGR,2007.0,29.48166666666667
BGR,2008.0,238.9166666666667
BGR,2009.0,341.6666666666667
BGR,2010.0,267.0833333333333
BGR,2011.0,281.1666666666667
BGR,2012.0,241.9591666666666
BGR,2013.0,116.4127272727273
BGR,2014.0,131.6365
BGR,2015.0,173.4858333333333
BFA,1997.0,
BFA,1998.0,
BFA,1999.0,
BFA,2000.0,
BFA,2001.0,
BFA,2002.0,
BFA,2003.0,
BFA,2004.0,
BFA,2005.0,
BFA,2006.0,
BFA,2007.0,
BFA,2008.0,
BFA,2009.0,
BFA,2010.0,
BFA,2011.0,
BFA,2012.0,
BFA,2013.0,
BFA,2014.0,
BFA,2015.0,
BDI,1997.0,
BDI,1998.0,
BDI,1999.0,
BDI,2000.0,
BDI,2001.0,
BDI,2002.0,
BDI,2003.0,
BDI,2004.0,
BDI,2005.0,
BDI,2006.0,
BDI,2007.0,
BDI,2008.0,
BDI,2009.0,
BDI,2010.0,
BDI,2011.0,
BDI,2012.0,
BDI,2013.0,
BDI,2014.0,
BDI,2015.0,
CPV,1997.0,
CPV,1998.0,
CPV,1999.0,
CPV,2000.0,
CPV,2001.0,
CPV,2002.0,
CPV,2003.0,
CPV,2004.0,
CPV,2005.0,
CPV,2006.0,
CPV,2007.0,
CPV,2008.0,
CPV,2009.0,
CPV,2010.0,
CPV,2011.0,
CPV,2012.0,
CPV,2013.0,
CPV,2014.0,
CPV,2015.0,
KHM,1997.0,
KHM,1998.0,
KHM,1999.0,
KHM,2000.0,
KHM,2001.0,
KHM,2002.0,
KHM,2003.0,
KHM,2004.0,
KHM,2005.0,
KHM,2006.0,
KHM,2007.0,
KHM,2008.0,
KHM,2009.0,
KHM,2010.0,
KHM,2011.0,
KHM,2012.0,
KHM,2013.0,
KHM,2014.0,
KHM,2015.0,
CMR,1997.0,
CMR,1998.0,
CMR,1999.0,
CMR,2000.0,
CMR,2001.0,
CMR,2002.0,
CMR,2003.0,
CMR,2004.0,
CMR,2005.0,
CMR,2006.0,
CMR,2007.0,
CMR,2008.0,
CMR,2009.0,
CMR,2010.0,
CMR,2011.0,
CMR,2012.0,
CMR,2013.0,
CMR,2014.0,
CMR,2015.0,
CAN,1997.0,
CAN,1998.0,
CAN,1999.0,
CAN,2000.0,
CAN,2001.0,
CAN,2002.0,
CAN,2003.0,
CAN,2004.0,
CAN,2005.0,
CAN,2006.0,
CAN,2007.0,
CAN,2008.0,
CAN,2009.0,
CAN,2010.0,
CAN,2011.0,
CAN,2012.0,
CAN,2013.0,
CAN,2014.0,
CAN,2015.0,
CYM,1997.0,
CYM,1998.0,
CYM,1999.0,
CYM,2000.0,
CYM,2001.0,
CYM,2002.0,
CYM,2003.0,
CYM,2004.0,
CYM,2005.0,
CYM,2006.0,
CYM,2007.0,
CYM,2008.0,
CYM,2009.0,
CYM,2010.0,
CYM,2011.0,
CYM,2012.0,
CYM,2013.0,
CYM,2014.0,
CYM,2015.0,
CAF,1997.0,
CAF,1998.0,
CAF,1999.0,
CAF,2000.0,
CAF,2001.0,
CAF,2002.0,
CAF,2003.0,
CAF,2004.0,
CAF,2005.0,
CAF,2006.0,
CAF,2007.0,
CAF,2008.0,
CAF,2009.0,
CAF,2010.0,
CAF,2011.0,
CAF,2012.0,
CAF,2013.0,
CAF,2014.0,
CAF,2015.0,
TCD,1997.0,
TCD,1998.0,
TCD,1999.0,
TCD,2000.0,
TCD,2001.0,
TCD,2002.0,
TCD,2003.0,
TCD,2004.0,
TCD,2005.0,
TCD,2006.0,
TCD,2007.0,
TCD,2008.0,
TCD,2009.0,
TCD,2010.0,
TCD,2011.0,
TCD,2012.0,
TCD,2013.0,
TCD,2014.0,
TCD,2015.0,
CHL,1997.0,
CHL,1998.0,
CHL,1999.0,
CHL,2000.0,
CHL,2001.0,
CHL,2002.0,225.0
CHL,2003.0,104.80375
CHL,2004.0,41.21233333333334
CHL,2005.0,21.64008333333333
CHL,2006.0,20.40083333333333
CHL,2007.0,19.75333333333333
CHL,2008.0,99.375
CHL,2009.0,128.8333333333333
CHL,2010.0,81.625
CHL,2011.0,91.75
CHL,2012.0,94.64999999999999
CHL,2013.0,80.86272727272727
CHL,2014.0,74.88633333333333
CHL,2015.0,106.2283333333334
CHN,1997.0,
CHN,1998.0,301.0
CHN,1999.0,153.3
CHN,2000.0,
CHN,2001.0,
CHN,2002.0,43.33333333333334
CHN,2003.0,31.08333333333333
CHN,2004.0,32.75
CHN,2005.0,25.125
CHN,2006.0,18.72416666666667
CHN,2007.0,18.20083333333334
CHN,2008.0,91.16666666666667
CHN,2009.0,113.5833333333333
CHN,2010.0,74.75
CHN,2011.0,106.0
CHN,2012.0,102.2258333333333
CHN,2013.0,86.24
CHN,2014.0,83.217
CHN,2015.0,99.25083333333333
COL,1997.0,
COL,1998.0,722.6
COL,1999.0,612.0833333333334
COL,2000.0,631.25
COL,2001.0,614.1666666666666
COL,2002.0,880.8333333333334
COL,2003.0,559.7896666666667
COL,2004.0,423.4269166666666
COL,2005.0,274.6915
COL,2006.0,135.9683333333333
COL,2007.0,112.4308333333333
COL,2008.0,209.0
COL,2009.0,243.5833333333333
COL,2010.0,136.8333333333333
COL,2011.0,130.3333333333333
COL,2012.0,118.2325
COL,2013.0,115.3554545454545
COL,2014.0,100.3975833333333
COL,2015.0,185.8925
COM,1997.0,
COM,1998.0,
COM,1999.0,
COM,2000.0,
COM,2001.0,
COM,2002.0,
COM,2003.0,
COM,2004.0,
COM,2005.0,
COM,2006.0,
COM,2007.0,
COM,2008.0,
COM,2009.0,
COM,2010.0,
COM,2011.0,
COM,2012.0,
COM,2013.0,
COM,2014.0,
COM,2015.0,
COD,1997.0,
COD,1998.0,
COD,1999.0,
COD,2000.0,
COD,2001.0,
COD,2002.0,
COD,2003.0,
COD,2004.0,
COD,2005.0,
COD,2006.0,
COD,2007.0,
COD,2008.0,
COD,2009.0,
COD,2010.0,
COD,2011.0,
COD,2012.0,
COD,2013.0,
COD,2014.0,
COD,2015.0,
COG,1997.0,
COG,1998.0,
COG,1999.0,
COG,2000.0,
COG,2001.0,
COG,2002.0,
COG,2003.0,
COG,2004.0,
COG,2005.0,
COG,2006.0,
COG,2007.0,
COG,2008.0,
COG,2009.0,
COG,2010.0,
COG,2011.0,
COG,2012.0,
COG,2013.0,
COG,2014.0,
COG,2015.0,
CRI,1997.0,
CRI,1998.0,
CRI,1999.0,
CRI,2000.0,
CRI,2001.0,
CRI,2002.0,
CRI,2003.0,
CRI,2004.0,
CRI,2005.0,
CRI,2006.0,
CRI,2007.0,
CRI,2008.0,
CRI,2009.0,
CRI,2010.0,
CRI,2011.0,
CRI,2012.0,
CRI,2013.0,
CRI,2014.0,
CRI,2015.0,
CIV,1997.0,
CIV,1998.0,
CIV,1999.0,
CIV,2000.0,
CIV,2001.0,
CIV,2002.0,
CIV,2003.0,
CIV,2004.0,
CIV,2005.0,
CIV,2006.0,
CIV,2007.0,
CIV,2008.0,
CIV,2009.0,
CIV,2010.0,
CIV,2011.0,
CIV,2012.0,
CIV,2013.0,
CIV,2014.0,
CIV,2015.0,
HRV,1997.0,
HRV,1998.0,599.5714285714286
HRV,1999.0,652.7
HRV,2000.0,375.8333333333333
HRV,2001.0,347.4166666666667
HRV,2002.0,167.5
HRV,2003.0,108.0
HRV,2004.0,69.08333333333333
HRV,2005.0,44.75
HRV,2006.0,33.07999999999999
HRV,2007.0,29.28916666666667
HRV,2008.0,167.6666666666667
HRV,2009.0,295.6666666666667
HRV,2010.0,251.0833333333333
HRV,2011.0,361.6666666666667
HRV,2012.0,400.2208333333334
HRV,2013.0,318.2500000000001
HRV,2014.0,277.0833333333333
HRV,2015.0,277.2391666666667
CUB,1997.0,
CUB,1998.0,
CUB,1999.0,
CUB,2000.0,
CUB,2001.0,
CUB,2002.0,
CUB,2003.0,
CUB,2004.0,
CUB,2005.0,
CUB,2006.0,
CUB,2007.0,
CUB,2008.0,
CUB,2009.0,
CUB,2010.0,
CUB,2011.0,
CUB,2012.0,
CUB,2013.0,
CUB,2014.0,
CUB,2015.0,
CUW,1997.0,
CUW,1998.0,
CUW,1999.0,
CUW,2000.0,
CUW,2001.0,
CUW,2002.0,
CUW,2003.0,
CUW,2004.0,
CUW,2005.0,
CUW,2006.0,
CUW,2007.0,
CUW,2008.0,
CUW,2009.0,
CUW,2010.0,
CUW,2011.0,
CUW,2012.0,
CUW,2013.0,
CUW,2014.0,
CUW,2015.0,
CYP,1997.0,
CYP,1998.0,
CYP,1999.0,
CYP,2000.0,
CYP,2001.0,
CYP,2002.0,
CYP,2003.0,
CYP,2004.0,
CYP,2005.0,
CYP,2006.0,
CYP,2007.0,
CYP,2008.0,91.25
CYP,2009.0,110.3333333333333
CYP,2010.0,161.9763333333333
CYP,2011.0,626.6993333333334
CYP,2012.0,1143.627583333333
CYP,2013.0,955.9007142857143
CYP,2014.0,
CYP,2015.0,
CZE,1997.0,
CZE,1998.0,131.7142857142857
CZE,1999.0,72.0
CZE,2000.0,
CZE,2001.0,
CZE,2002.0,
CZE,2003.0,
CZE,2004.0,13.55
CZE,2005.0,7.458333333333333
CZE,2006.0,7.866666666666666
CZE,2007.0,9.1775
CZE,2008.0,69.875
CZE,2009.0,135.3333333333333
CZE,2010.0,91.67416666666668
CZE,2011.0,111.125
CZE,2012.0,108.8083333333333
CZE,2013.0,59.89454545454544
CZE,2014.0,51.97416666666667
CZE,2015.0,49.995
DNK,1997.0,
DNK,1998.0,
DNK,1999.0,
DNK,2000.0,
DNK,2001.0,
DNK,2002.0,
DNK,2003.0,
DNK,2004.0,
DNK,2005.0,8.838333333333333
DNK,2006.0,
DNK,2007.0,
DNK,2008.0,63.4804
DNK,2009.0,58.40733333333333
DNK,2010.0,38.40558333333333
DNK,2011.0,76.56008333333334
DNK,2012.0,86.35341666666666
DNK,2013.0,26.92583333333333
DNK,2014.0,24.11025
DNK,2015.0,18.78283333333333
DJI,1997.0,
DJI,1998.0,
DJI,1999.0,
DJI,2000.0,
DJI,2001.0,
DJI,2002.0,
DJI,2003.0,
DJI,2004.0,
DJI,2005.0,
DJI,2006.0,
DJI,2007.0,
DJI,2008.0,
DJI,2009.0,
DJI,2010.0,
DJI,2011.0,
DJI,2012.0,
DJI,2013.0,
DJI,2014.0,
DJI,2015.0,
DMA,1997.0,
DMA,1998.0,
DMA,1999.0,
DMA,2000.0,
DMA,2001.0,
DMA,2002.0,
DMA,2003.0,
DMA,2004.0,
DMA,2005.0,
DMA,2006.0,
DMA,2007.0,
DMA,2008.0,
DMA,2009.0,
DMA,2010.0,
DMA,2011.0,
DMA,2012.0,
DMA,2013.0,
DMA,2014.0,
DMA,2015.0,
DOM,1997.0,
DOM,1998.0,
DOM,1999.0,
DOM,2000.0,
DOM,2001.0,
DOM,2002.0,
DOM,2003.0,
DOM,2004.0,
DOM,2005.0,539.35
DOM,2006.0,265.0816666666667
DOM,2007.0,220.2758333333333
DOM,2008.0,650.4166666666666
DOM,2009.0,795.4166666666666
DOM,2010.0,277.9166666666667
DOM,2011.0,454.4166666666667
DOM,2012.0,414.5
DOM,2013.0,349.5363636363637
DOM,2014.0,322.4396666666667
DOM,2015.0,303.3233333333333
ECU,1997.0,459.119
ECU,1998.0,891.5691818181818
ECU,1999.0,3956.625
ECU,2000.0,
ECU,2001.0,
ECU,2002.0,
ECU,2003.0,
ECU,2004.0,
ECU,2005.0,869.2242
ECU,2006.0,416.8124999999999
ECU,2007.0,748.4325
ECU,2008.0,886.5
ECU,2009.0,
ECU,2010.0,
ECU,2011.0,
ECU,2012.0,
ECU,2013.0,
ECU,2014.0,
ECU,2015.0,
EGY,1997.0,
EGY,1998.0,
EGY,1999.0,
EGY,2000.0,
EGY,2001.0,
EGY,2002.0,433.3333333333333
EGY,2003.0,285.0
EGY,2004.0,178.3333333333333
EGY,2005.0,87.0
EGY,2006.0,80.60333333333334
EGY,2007.0,77.15166666666667
EGY,2008.0,326.25
EGY,2009.0,345.8333333333333
EGY,2010.0,224.5833333333333
EGY,2011.0,413.5
EGY,2012.0,531.4241666666668
EGY,2013.0,657.480909090909
EGY,2014.0,337.46475
EGY,2015.0,341.915
SLV,1997.0,
SLV,1998.0,
SLV,1999.0,
SLV,2000.0,
SLV,2001.0,
SLV,2002.0,
SLV,2003.0,
SLV,2004.0,
SLV,2005.0,
SLV,2006.0,
SLV,2007.0,90.0
SLV,2008.0,316.25
SLV,2009.0,385.0
SLV,2010.0,259.5833333333333
SLV,2011.0,399.3333333333333
SLV,2012.0,509.5833333333333
SLV,2013.0,349.5481818181818
SLV,2014.0,322.4355
SLV,2015.0,388.1499999999999
GNQ,1997.0,
GNQ,1998.0,
GNQ,1999.0,
GNQ,2000.0,
GNQ,2001.0,
GNQ,2002.0,
GNQ,2003.0,
GNQ,2004.0,
GNQ,2005.0,
GNQ,2006.0,
GNQ,2007.0,
GNQ,2008.0,
GNQ,2009.0,
GNQ,2010.0,
GNQ,2011.0,
GNQ,2012.0,
GNQ,2013.0,
GNQ,2014.0,
GNQ,2015.0,
ERI,1997.0,
ERI,1998.0,
ERI,1999.0,
ERI,2000.0,
ERI,2001.0,
ERI,2002.0,
ERI,2003.0,
ERI,2004.0,
ERI,2005.0,
ERI,2006.0,
ERI,2007.0,
ERI,2008.0,
ERI,2009.0,
ERI,2010.0,
ERI,2011.0,
ERI,2012.0,
ERI,2013.0,
ERI,2014.0,
ERI,2015.0,
EST,1997.0,
EST,1998.0,
EST,1999.0,
EST,2000.0,
EST,2001.0,
EST,2002.0,
EST,2003.0,
EST,2004.0,
EST,2005.0,
EST,2006.0,
EST,2007.0,
EST,2008.0,448.12775
EST,2009.0,367.6970000000001
EST,2010.0,107.97775
EST,2011.0,116.2374166666667
EST,2012.0,105.2604166666666
EST,2013.0,64.01758333333333
EST,2014.0,62.02258333333333
EST,2015.0,65.323
SWZ,1997.0,
SWZ,1998.0,
SWZ,1999.0,
SWZ,2000.0,
SWZ,2001.0,
SWZ,2002.0,
SWZ,2003.0,
SWZ,2004.0,
SWZ,2005.0,
SWZ,2006.0,
SWZ,2007.0,
SWZ,2008.0,
SWZ,2009.0,
SWZ,2010.0,
SWZ,2011.0,
SWZ,2012.0,
SWZ,2013.0,
SWZ,2014.0,
SWZ,2015.0,
ETH,1997.0,
ETH,1998.0,
ETH,1999.0,
ETH,2000.0,
ETH,2001.0,
ETH,2002.0,
ETH,2003.0,
ETH,2004.0,
ETH,2005.0,
ETH,2006.0,
ETH,2007.0,
ETH,2008.0,
ETH,2009.0,
ETH,2010.0,
ETH,2011.0,
ETH,2012.0,
ETH,2013.0,
ETH,2014.0,
ETH,2015.0,
FJI,1997.0,
FJI,1998.0,
FJI,1999.0,
FJI,2000.0,
FJI,2001.0,
FJI,2002.0,
FJI,2003.0,
FJI,2004.0,
FJI,2005.0,
FJI,2006.0,
FJI,2007.0,
FJI,2008.0,
FJI,2009.0,
FJI,2010.0,
FJI,2011.0,
FJI,2012.0,
FJI,2013.0,
FJI,2014.0,
FJI,2015.0,
FIN,1997.0,
FIN,1998.0,
FIN,1999.0,
FIN,2000.0,
FIN,2001.0,
FIN,2002.0,
FIN,2003.0,
FIN,2004.0,
FIN,2005.0,
FIN,2006.0,
FIN,2007.0,4.0585
FIN,2008.0,40.67475
FIN,2009.0,37.57491666666667
FIN,2010.0,30.06891666666666
FIN,2011.0,49.60775
FIN,2012.0,56.34116666666667
FIN,2013.0,24.4175
FIN,2014.0,25.002
FIN,2015.0,
FRA,1997.0,
FRA,1998.0,
FRA,1999.0,
FRA,2000.0,
FRA,2001.0,
FRA,2002.0,
FRA,2003.0,5.775
FRA,2004.0,3.916666666666667
FRA,2005.0,2.697916666666667
FRA,2006.0,2.09825
FRA,2007.0,3.089416666666667
FRA,2008.0,20.66883333333333
FRA,2009.0,40.09541666666667
FRA,2010.0,73.04083333333334
FRA,2011.0,129.4515
FRA,2012.0,148.4481666666667
FRA,2013.0,69.43716666666667
FRA,2014.0,46.64958333333333
FRA,2015.0,34.70891666666667
GAB,1997.0,
GAB,1998.0,
GAB,1999.0,
GAB,2000.0,
GAB,2001.0,
GAB,2002.0,
GAB,2003.0,
GAB,2004.0,
GAB,2005.0,
GAB,2006.0,
GAB,2007.0,
GAB,2008.0,
GAB,2009.0,
GAB,2010.0,
GAB,2011.0,
GAB,2012.0,
GAB,2013.0,
GAB,2014.0,
GAB,2015.0,
GMB,1997.0,
GMB,1998.0,
GMB,1999.0,
GMB,2000.0,
GMB,2001.0,
GMB,2002.0,
GMB,2003.0,
GMB,2004.0,
GMB,2005.0,
GMB,2006.0,
GMB,2007.0,
GMB,2008.0,
GMB,2009.0,
GMB,2010.0,
GMB,2011.0,
GMB,2012.0,
GMB,2013.0,
GMB,2014.0,
GMB,2015.0,
GEO,1997.0,
GEO,1998.0,
GEO,1999.0,
GEO,2000.0,
GEO,2001.0,
GEO,2002.0,
GEO,2003.0,
GEO,2004.0,
GEO,2005.0,
GEO,2006.0,
GEO,2007.0,
GEO,2008.0,
GEO,2009.0,
GEO,2010.0,
GEO,2011.0,
GEO,2012.0,
GEO,2013.0,
GEO,2014.0,
GEO,2015.0,
DEU,1997.0,
DEU,1998.0,
DEU,1999.0,
DEU,2000.0,
DEU,2001.0,
DEU,2002.0,
DEU,2003.0,6.452500000000001
DEU,2004.0,4.489666666666667
DEU,2005.0,3.666666666666667
DEU,2006.0,3.2665
DEU,2007.0,3.874666666666666
DEU,2008.0,18.4889
DEU,2009.0,37.28658333333333
DEU,2010.0,42.30941666666666
DEU,2011.0,68.50233333333334
DEU,2012.0,68.11891666666666
DEU,2013.0,30.26566666666666
DEU,2014.0,20.48716666666667
DEU,2015.0,15.22308333333334
GHA,1997.0,
GHA,1998.0,
GHA,1999.0,
GHA,2000.0,
GHA,2001.0,
GHA,2002.0,
GHA,2003.0,
GHA,2004.0,
GHA,2005.0,
GHA,2006.0,
GHA,2007.0,
GHA,2008.0,
GHA,2009.0,
GHA,2010.0,
GHA,2011.0,
GHA,2012.0,
GHA,2013.0,
GHA,2014.0,
GHA,2015.0,
GRC,1997.0,
GRC,1998.0,71.2
GRC,1999.0,39.4
GRC,2000.0,
GRC,2001.0,
GRC,2002.0,
GRC,2003.0,13.35
GRC,2004.0,10.26483333333333
GRC,2005.0,11.69441666666667
GRC,2006.0,11.35016666666667
GRC,2007.0,8.0
GRC,2008.0,80.0
GRC,2009.0,173.3333333333333
GRC,2010.0,710.3008333333333
GRC,2011.0,2859.016666666667
GRC,2012.0,50990.61333333334
GRC,2013.0,980.6654545454545
GRC,2014.0,599.7259166666668
GRC,2015.0,1708.984166666666
GRD,1997.0,
GRD,1998.0,
GRD,1999.0,
GRD,2000.0,
GRD,2001.0,
GRD,2002.0,
GRD,2003.0,
GRD,2004.0,
GRD,2005.0,
GRD,2006.0,
GRD,2007.0,
GRD,2008.0,
GRD,2009.0,
GRD,2010.0,
GRD,2011.0,
GRD,2012.0,
GRD,2013.0,
GRD,2014.0,
GRD,2015.0,
GTM,1997.0,
GTM,1998.0,
GTM,1999.0,
GTM,2000.0,
GTM,2001.0,
GTM,2002.0,
GTM,2003.0,
GTM,2004.0,
GTM,2005.0,
GTM,2006.0,
GTM,2007.0,
GTM,2008.0,
GTM,2009.0,
GTM,2010.0,
GTM,2011.0,
GTM,2012.0,
GTM,2013.0,
GTM,2014.0,
GTM,2015.0,
GIN,1997.0,
GIN,1998.0,
GIN,1999.0,
GIN,2000.0,
GIN,2001.0,
GIN,2002.0,
GIN,2003.0,
GIN,2004.0,
GIN,2005.0,
GIN,2006.0,
GIN,2007.0,
GIN,2008.0,
GIN,2009.0,
GIN,2010.0,
GIN,2011.0,
GIN,2012.0,
GIN,2013.0,
GIN,2014.0,
GIN,2015.0,
GNB,1997.0,
GNB,1998.0,
GNB,1999.0,
GNB,2000.0,
GNB,2001.0,
GNB,2002.0,
GNB,2003.0,
GNB,2004.0,
GNB,2005.0,
GNB,2006.0,
GNB,2007.0,
GNB,2008.0,
GNB,2009.0,
GNB,2010.0,
GNB,2011.0,
GNB,2012.0,
GNB,2013.0,
GNB,2014.0,
GNB,2015.0,
GUY,1997.0,
GUY,1998.0,
GUY,1999.0,
GUY,2000.0,
GUY,2001.0,
GUY,2002.0,
GUY,2003.0,
GUY,2004.0,
GUY,2005.0,
GUY,2006.0,
GUY,2007.0,
GUY,2008.0,
GUY,2009.0,
GUY,2010.0,
GUY,2011.0,
GUY,2012.0,
GUY,2013.0,
GUY,2014.0,
GUY,2015.0,
HTI,1997.0,
HTI,1998.0,
HTI,1999.0,
HTI,2000.0,
HTI,2001.0,
HTI,2002.0,
HTI,2003.0,
HTI,2004.0,
HTI,2005.0,
HTI,2006.0,
HTI,2007.0,
HTI,2008.0,
HTI,2009.0,
HTI,2010.0,
HTI,2011.0,
HTI,2012.0,
HTI,2013.0,
HTI,2014.0,
HTI,2015.0,
HND,1997.0,
HND,1998.0,
HND,1999.0,
HND,2000.0,
HND,2001.0,
HND,2002.0,
HND,2003.0,
HND,2004.0,
HND,2005.0,
HND,2006.0,
HND,2007.0,
HND,2008.0,
HND,2009.0,
HND,2010.0,
HND,2011.0,
HND,2012.0,
HND,2013.0,
HND,2014.0,
HND,2015.0,
HKG,1997.0,
HKG,1998.0,
HKG,1999.0,
HKG,2000.0,
HKG,2001.0,
HKG,2002.0,
HKG,2003.0,
HKG,2004.0,
HKG,2005.0,10.25
HKG,2006.0,10.08333333333333
HKG,2007.0,
HKG,2008.0,
HKG,2009.0,57.85071428571429
HKG,2010.0,48.30141666666666
HKG,2011.0,60.9413
HKG,2012.0,
HKG,2013.0,50.39518181818182
HKG,2014.0,
HKG,2015.0,
HUN,1997.0,
HUN,1998.0,125.6
HUN,1999.0,78.0
HUN,2000.0,32.0
HUN,2001.0,31.5
HUN,2002.0,35.83333333333334
HUN,2003.0,37.125
HUN,2004.0,22.0
HUN,2005.0,18.66666666666667
HUN,2006.0,34.8775
HUN,2007.0,29.90416666666667
HUN,2008.0,190.3333333333333
HUN,2009.0,333.8333333333333
HUN,2010.0,295.3775
HUN,2011.0,384.145
HUN,2012.0,444.5575000000001
HUN,2013.0,301.7890909090909
HUN,2014.0,193.1506666666667
HUN,2015.0,149.3075
ISL,1997.0,
ISL,1998.0,
ISL,1999.0,
ISL,2000.0,
ISL,2001.0,
ISL,2002.0,
ISL,2003.0,
ISL,2004.0,
ISL,2005.0,
ISL,2006.0,
ISL,2007.0,
ISL,2008.0,
ISL,2009.0,
ISL,2010.0,
ISL,2011.0,
ISL,2012.0,
ISL,2013.0,152.7175
ISL,2014.0,
ISL,2015.0,
IND,1997.0,
IND,1998.0,
IND,1999.0,
IND,2000.0,
IND,2001.0,
IND,2002.0,
IND,2003.0,
IND,2004.0,
IND,2005.0,
IND,2006.0,
IND,2007.0,
IND,2008.0,
IND,2009.0,
IND,2010.0,
IND,2011.0,
IND,2012.0,
IND,2013.0,
IND,2014.0,
IND,2015.0,
IDN,1997.0,
IDN,1998.0,1275.285714285714
IDN,1999.0,970.8333333333334
IDN,2000.0,1101.857142857143
IDN,2001.0,
IDN,2002.0,
IDN,2003.0,900.0
IDN,2004.0,421.6666666666667
IDN,2005.0,249.5
IDN,2006.0,163.4933333333333
IDN,2007.0,135.9983333333334
IDN,2008.0,367.0
IDN,2009.0,339.75
IDN,2010.0,163.6666666666667
IDN,2011.0,176.5833333333333
IDN,2012.0,166.4433333333333
IDN,2013.0,190.6136363636364
IDN,2014.0,162.7575
IDN,2015.0,189.7908333333333
IRN,1997.0,
IRN,1998.0,
IRN,1999.0,
IRN,2000.0,
IRN,2001.0,
IRN,2002.0,
IRN,2003.0,
IRN,2004.0,
IRN,2005.0,
IRN,2006.0,
IRN,2007.0,
IRN,2008.0,
IRN,2009.0,
IRN,2010.0,
IRN,2011.0,
IRN,2012.0,
IRN,2013.0,
IRN,2014.0,
IRN,2015.0,
IRQ,1997.0,
IRQ,1998.0,
IRQ,1999.0,
IRQ,2000.0,
IRQ,2001.0,
IRQ,2002.0,
IRQ,2003.0,
IRQ,2004.0,
IRQ,2005.0,
IRQ,2006.0,454.11
IRQ,2007.0,620.4933333333333
IRQ,2008.0,627.9166666666666
IRQ,2009.0,743.75
IRQ,2010.0,448.75
IRQ,2011.0,317.0833333333333
IRQ,2012.0,367.3700000000001
IRQ,2013.0,359.4936363636364
IRQ,2014.0,329.1081666666666
IRQ,2015.0,559.2716666666668
IRL,1997.0,
IRL,1998.0,
IRL,1999.0,
IRL,2000.0,
IRL,2001.0,
IRL,2002.0,
IRL,2003.0,
IRL,2004.0,
IRL,2005.0,
IRL,2006.0,2.0
IRL,2007.0,4.583333333333333
IRL,2008.0,57.41666666666666
IRL,2009.0,204.0833333333333
IRL,2010.0,319.9166666666667
IRL,2011.0,713.8333333333334
IRL,2012.0,456.5641666666667
IRL,2013.0,156.1172727272727
IRL,2014.0,65.93675
IRL,2015.0,50.91083333333334
IMN,1997.0,
IMN,1998.0,
IMN,1999.0,
IMN,2000.0,
IMN,2001.0,
IMN,2002.0,
IMN,2003.0,
IMN,2004.0,
IMN,2005.0,
IMN,2006.0,
IMN,2007.0,
IMN,2008.0,
IMN,2009.0,
IMN,2010.0,
IMN,2011.0,
IMN,2012.0,
IMN,2013.0,
IMN,2014.0,
IMN,2015.0,
ISR,1997.0,
ISR,1998.0,
ISR,1999.0,
ISR,2000.0,
ISR,2001.0,
ISR,2002.0,
ISR,2003.0,
ISR,2004.0,51.3
ISR,2005.0,30.41666666666667
ISR,2006.0,30.24083333333333
ISR,2007.0,22.62583333333333
ISR,2008.0,102.6666666666667
ISR,2009.0,154.9166666666667
ISR,2010.0,118.1666666666667
ISR,2011.0,157.9166666666667
ISR,2012.0,163.2066666666667
ISR,2013.0,116.5245454545454
ISR,2014.0,79.99741666666667
ISR,2015.0,67.60916666666667
ITA,1997.0,
ITA,1998.0,
ITA,1999.0,
ITA,2000.0,
ITA,2001.0,
ITA,2002.0,
ITA,2003.0,9.425
ITA,2004.0,7.8
ITA,2005.0,10.41666666666667
ITA,2006.0,10.16666666666667
ITA,2007.0,9.0
ITA,2008.0,63.16666666666666
ITA,2009.0,107.4166666666667
ITA,2010.0,178.9166666666667
ITA,2011.0,295.4166666666667
ITA,2012.0,404.75
ITA,2013.0,244.8173333333334
ITA,2014.0,122.2441666666667
ITA,2015.0,112.2264166666667
JAM,1997.0,
JAM,1998.0,
JAM,1999.0,
JAM,2000.0,
JAM,2001.0,
JAM,2002.0,
JAM,2003.0,
JAM,2004.0,
JAM,2005.0,
JAM,2006.0,
JAM,2007.0,
JAM,2008.0,
JAM,2009.0,
JAM,2010.0,
JAM,2011.0,
JAM,2012.0,
JAM,2013.0,
JAM,2014.0,
JAM,2015.0,
JPN,1997.0,
JPN,1998.0,
JPN,1999.0,
JPN,2000.0,
JPN,2001.0,21.33333333333333
JPN,2002.0,27.25
JPN,2003.0,15.5
JPN,2004.0,7.5
JPN,2005.0,5.916666666666667
JPN,2006.0,4.0
JPN,2007.0,3.333333333333333
JPN,2008.0,23.58333333333333
JPN,2009.0,60.0
JPN,2010.0,72.29166666666667
JPN,2011.0,103.2083333333333
JPN,2012.0,95.1025
JPN,2013.0,66.54727272727273
JPN,2014.0,46.72891666666667
JPN,2015.0,43.70750000000001
JOR,1997.0,
JOR,1998.0,
JOR,1999.0,
JOR,2000.0,
JOR,2001.0,205.8333333333333
JOR,2002.0,280.0
JOR,2003.0,324.5346666666666
JOR,2004.0,288.80575
JOR,2005.0,288.40025
JOR,2006.0,286.9708333333334
JOR,2007.0,288.0108333333333
JOR,2008.0,292.5
JOR,2009.0,325.0
JOR,2010.0,326.75
JOR,2011.0,339.2727272727273
JOR,2012.0,
JOR,2013.0,
JOR,2014.0,
JOR,2015.0,
KAZ,1997.0,
KAZ,1998.0,
KAZ,1999.0,
KAZ,2000.0,
KAZ,2001.0,
KAZ,2002.0,
KAZ,2003.0,
KAZ,2004.0,83.25
KAZ,2005.0,73.05
KAZ,2006.0,60.09716666666667
KAZ,2007.0,177.0
KAZ,2008.0,353.0
KAZ,2009.0,571.6666666666666
KAZ,2010.0,198.3333333333333
KAZ,2011.0,203.4166666666667
KAZ,2012.0,209.3541666666667
KAZ,2013.0,175.33
KAZ,2014.0,179.2151666666666
KAZ,2015.0,274.0241666666667
KEN,1997.0,
KEN,1998.0,
KEN,1999.0,
KEN,2000.0,
KEN,2001.0,
KEN,2002.0,
KEN,2003.0,
KEN,2004.0,
KEN,2005.0,
KEN,2006.0,
KEN,2007.0,
KEN,2008.0,
KEN,2009.0,
KEN,2010.0,
KEN,2011.0,
KEN,2012.0,
KEN,2013.0,
KEN,2014.0,
KEN,2015.0,
KIR,1997.0,
KIR,1998.0,
KIR,1999.0,
KIR,2000.0,
KIR,2001.0,
KIR,2002.0,
KIR,2003.0,
KIR,2004.0,
KIR,2005.0,
KIR,2006.0,
KIR,2007.0,
KIR,2008.0,
KIR,2009.0,
KIR,2010.0,
KIR,2011.0,
KIR,2012.0,
KIR,2013.0,
KIR,2014.0,
KIR,2015.0,
KOR,1997.0,
KOR,1998.0,629.8888888888889
KOR,1999.0,198.0
KOR,2000.0,
KOR,2001.0,
KOR,2002.0,60.90909090909091
KOR,2003.0,86.25
KOR,2004.0,46.83333333333334
KOR,2005.0,32.70833333333334
KOR,2006.0,22.39916666666667
KOR,2007.0,25.39583333333333
KOR,2008.0,163.0
KOR,2009.0,194.5
KOR,2010.0,105.0833333333333
KOR,2011.0,125.75
KOR,2012.0,107.5733333333333
KOR,2013.0,75.99909090909091
KOR,2014.0,57.3125
KOR,2015.0,58.30916666666667
XKX,1997.0,
XKX,1998.0,
XKX,1999.0,
XKX,2000.0,
XKX,2001.0,
XKX,2002.0,
XKX,2003.0,
XKX,2004.0,
XKX,2005.0,
XKX,2006.0,
XKX,2007.0,
XKX,2008.0,
XKX,2009.0,
XKX,2010.0,
XKX,2011.0,
XKX,2012.0,
XKX,2013.0,
XKX,2014.0,
XKX,2015.0,
KWT,1997.0,
KWT,1998.0,
KWT,1999.0,
KWT,2000.0,
KWT,2001.0,
KWT,2002.0,
KWT,2003.0,
KWT,2004.0,
KWT,2005.0,
KWT,2006.0,
KWT,2007.0,
KWT,2008.0,
KWT,2009.0,
KWT,2010.0,
KWT,2011.0,
KWT,2012.0,
KWT,2013.0,
KWT,2014.0,
KWT,2015.0,
KGZ,1997.0,
KGZ,1998.0,
KGZ,1999.0,
KGZ,2000.0,
KGZ,2001.0,
KGZ,2002.0,
KGZ,2003.0,
KGZ,2004.0,
KGZ,2005.0,
KGZ,2006.0,
KGZ,2007.0,
KGZ,2008.0,
KGZ,2009.0,
KGZ,2010.0,
KGZ,2011.0,
KGZ,2012.0,
KGZ,2013.0,
KGZ,2014.0,
KGZ,2015.0,
LAO,1997.0,
LAO,1998.0,
LAO,1999.0,
LAO,2000.0,
LAO,2001.0,
LAO,2002.0,
LAO,2003.0,
LAO,2004.0,
LAO,2005.0,
LAO,2006.0,
LAO,2007.0,
LAO,2008.0,
LAO,2009.0,
LAO,2010.0,
LAO,2011.0,
LAO,2012.0,
LAO,2013.0,
LAO,2014.0,
LAO,2015.0,
LVA,1997.0,
LVA,1998.0,
LVA,1999.0,
LVA,2000.0,
LVA,2001.0,
LVA,2002.0,
LVA,2003.0,
LVA,2004.0,
LVA,2005.0,
LVA,2006.0,6.5
LVA,2007.0,40.47642857142858
LVA,2008.0,458.4294285714286
LVA,2009.0,692.6831666666667
LVA,2010.0,355.4091666666666
LVA,2011.0,260.5459166666666
LVA,2012.0,226.29375
LVA,2013.0,122.1220833333333
LVA,2014.0,116.2878571428571
LVA,2015.0,90.10024999999999
LBN,1997.0,
LBN,1998.0,
LBN,1999.0,
LBN,2000.0,
LBN,2001.0,
LBN,2002.0,
LBN,2003.0,
LBN,2004.0,
LBN,2005.0,
LBN,2006.0,324.4
LBN,2007.0,424.4166666666667
LBN,2008.0,509.6666666666667
LBN,2009.0,366.1666666666667
LBN,2010.0,279.5833333333333
LBN,2011.0,380.0
LBN,2012.0,455.71
LBN,2013.0,419.1190909090909
LBN,2014.0,365.9351666666667
LBN,2015.0,382.0891666666666
LSO,1997.0,
LSO,1998.0,
LSO,1999.0,
LSO,2000.0,
LSO,2001.0,
LSO,2002.0,
LSO,2003.0,
LSO,2004.0,
LSO,2005.0,
LSO,2006.0,
LSO,2007.0,
LSO,2008.0,
LSO,2009.0,
LSO,2010.0,
LSO,2011.0,
LSO,2012.0,
LSO,2013.0,
LSO,2014.0,
LSO,2015.0,
LBR,1997.0,
LBR,1998.0,
LBR,1999.0,
LBR,2000.0,
LBR,2001.0,
LBR,2002.0,
LBR,2003.0,
LBR,2004.0,
LBR,2005.0,
LBR,2006.0,
LBR,2007.0,
LBR,2008.0,
LBR,2009.0,
LBR,2010.0,
LBR,2011.0,
LBR,2012.0,
LBR,2013.0,
LBR,2014.0,
LBR,2015.0,
LBY,1997.0,
LBY,1998.0,
LBY,1999.0,
LBY,2000.0,
LBY,2001.0,
LBY,2002.0,
LBY,2003.0,
LBY,2004.0,
LBY,2005.0,
LBY,2006.0,
LBY,2007.0,
LBY,2008.0,
LBY,2009.0,
LBY,2010.0,
LBY,2011.0,
LBY,2012.0,
LBY,2013.0,
LBY,2014.0,
LBY,2015.0,
LIE,1997.0,
LIE,1998.0,
LIE,1999.0,
LIE,2000.0,
LIE,2001.0,
LIE,2002.0,
LIE,2003.0,
LIE,2004.0,
LIE,2005.0,
LIE,2006.0,
LIE,2007.0,
LIE,2008.0,
LIE,2009.0,
LIE,2010.0,
LIE,2011.0,
LIE,2012.0,
LIE,2013.0,
LIE,2014.0,
LIE,2015.0,
LTU,1997.0,
LTU,1998.0,
LTU,1999.0,
LTU,2000.0,
LTU,2001.0,
LTU,2002.0,
LTU,2003.0,
LTU,2004.0,16.8
LTU,2005.0,7.0
LTU,2006.0,5.875
LTU,2007.0,16.235
LTU,2008.0,237.375
LTU,2009.0,474.5833333333333
LTU,2010.0,261.3591666666667
LTU,2011.0,261.2233333333333
LTU,2012.0,215.695
LTU,2013.0,121.07
LTU,2014.0,111.67925
LTU,2015.0,83.95666666666666
LUX,1997.0,
LUX,1998.0,
LUX,1999.0,
LUX,2000.0,
LUX,2001.0,
LUX,2002.0,
LUX,2003.0,
LUX,2004.0,
LUX,2005.0,
LUX,2006.0,
LUX,2007.0,
LUX,2008.0,
LUX,2009.0,
LUX,2010.0,
LUX,2011.0,
LUX,2012.0,
LUX,2013.0,
LUX,2014.0,
LUX,2015.0,
MAC,1997.0,
MAC,1998.0,
MAC,1999.0,
MAC,2000.0,
MAC,2001.0,
MAC,2002.0,
MAC,2003.0,
MAC,2004.0,
MAC,2005.0,
MAC,2006.0,
MAC,2007.0,
MAC,2008.0,
MAC,2009.0,
MAC,2010.0,
MAC,2011.0,
MAC,2012.0,
MAC,2013.0,
MAC,2014.0,
MAC,2015.0,
MDG,1997.0,
MDG,1998.0,
MDG,1999.0,
MDG,2000.0,
MDG,2001.0,
MDG,2002.0,
MDG,2003.0,
MDG,2004.0,
MDG,2005.0,
MDG,2006.0,
MDG,2007.0,
MDG,2008.0,
MDG,2009.0,
MDG,2010.0,
MDG,2011.0,
MDG,2012.0,
MDG,2013.0,
MDG,2014.0,
MDG,2015.0,
MWI,1997.0,
MWI,1998.0,
MWI,1999.0,
MWI,2000.0,
MWI,2001.0,
MWI,2002.0,
MWI,2003.0,
MWI,2004.0,
MWI,2005.0,
MWI,2006.0,
MWI,2007.0,
MWI,2008.0,
MWI,2009.0,
MWI,2010.0,
MWI,2011.0,
MWI,2012.0,
MWI,2013.0,
MWI,2014.0,
MWI,2015.0,
MYS,1997.0,
MYS,1998.0,799.4285714285714
MYS,1999.0,266.4
MYS,2000.0,
MYS,2001.0,168.3333333333333
MYS,2002.0,156.40275
MYS,2003.0,83.83333333333333
MYS,2004.0,39.0
MYS,2005.0,28.16666666666667
MYS,2006.0,25.00916666666667
MYS,2007.0,25.30666666666667
MYS,2008.0,137.0
MYS,2009.0,142.6666666666667
MYS,2010.0,89.33333333333333
MYS,2011.0,109.9166666666667
MYS,2012.0,103.8825
MYS,2013.0,105.7954545454545
MYS,2014.0,93.75108333333333
MYS,2015.0,154.3158333333333
MDV,1997.0,
MDV,1998.0,
MDV,1999.0,
MDV,2000.0,
MDV,2001.0,
MDV,2002.0,
MDV,2003.0,
MDV,2004.0,
MDV,2005.0,
MDV,2006.0,
MDV,2007.0,
MDV,2008.0,
MDV,2009.0,
MDV,2010.0,
MDV,2011.0,
MDV,2012.0,
MDV,2013.0,
MDV,2014.0,
MDV,2015.0,
MLI,1997.0,
MLI,1998.0,
MLI,1999.0,
MLI,2000.0,
MLI,2001.0,
MLI,2002.0,
MLI,2003.0,
MLI,2004.0,
MLI,2005.0,
MLI,2006.0,
MLI,2007.0,
MLI,2008.0,
MLI,2009.0,
MLI,2010.0,
MLI,2011.0,
MLI,2012.0,
MLI,2013.0,
MLI,2014.0,
MLI,2015.0,
MLT,1997.0,
MLT,1998.0,
MLT,1999.0,
MLT,2000.0,
MLT,2001.0,
MLT,2002.0,
MLT,2003.0,
MLT,2004.0,
MLT,2005.0,
MLT,2006.0,
MLT,2007.0,
MLT,2008.0,
MLT,2009.0,
MLT,2010.0,
MLT,2011.0,
MLT,2012.0,
MLT,2013.0,
MLT,2014.0,
MLT,2015.0,
MHL,1997.0,
MHL,1998.0,
MHL,1999.0,
MHL,2000.0,
MHL,2001.0,
MHL,2002.0,
MHL,2003.0,
MHL,2004.0,
MHL,2005.0,
MHL,2006.0,
MHL,2007.0,
MHL,2008.0,
MHL,2009.0,
MHL,2010.0,
MHL,2011.0,
MHL,2012.0,
MHL,2013.0,
MHL,2014.0,
MHL,2015.0,
MRT,1997.0,
MRT,1998.0,
MRT,1999.0,
MRT,2000.0,
MRT,2001.0,
MRT,2002.0,
MRT,2003.0,
MRT,2004.0,
MRT,2005.0,
MRT,2006.0,
MRT,2007.0,
MRT,2008.0,
MRT,2009.0,
MRT,2010.0,
MRT,2011.0,
MRT,2012.0,
MRT,2013.0,
MRT,2014.0,
MRT,2015.0,
MUS,1997.0,
MUS,1998.0,
MUS,1999.0,
MUS,2000.0,
MUS,2001.0,
MUS,2002.0,
MUS,2003.0,
MUS,2004.0,
MUS,2005.0,
MUS,2006.0,
MUS,2007.0,
MUS,2008.0,
MUS,2009.0,
MUS,2010.0,
MUS,2011.0,
MUS,2012.0,
MUS,2013.0,
MUS,2014.0,
MUS,2015.0,
MEX,1997.0,307.057
MEX,1998.0,544.3575833333333
MEX,1999.0,439.5
MEX,2000.0,194.1666666666667
MEX,2001.0,263.3333333333333
MEX,2002.0,269.1666666666667
MEX,2003.0,176.75
MEX,2004.0,117.3403333333333
MEX,2005.0,81.106
MEX,2006.0,57.84083333333334
MEX,2007.0,47.84166666666666
MEX,2008.0,161.5833333333333
MEX,2009.0,239.5
MEX,2010.0,125.9166666666667
MEX,2011.0,129.5
MEX,2012.0,119.6575
MEX,2013.0,108.4418181818182
MEX,2014.0,84.72933333333334
MEX,2015.0,136.6758333333333
FSM,1997.0,
FSM,1998.0,
FSM,1999.0,
FSM,2000.0,
FSM,2001.0,
FSM,2002.0,
FSM,2003.0,
FSM,2004.0,
FSM,2005.0,
FSM,2006.0,
FSM,2007.0,
FSM,2008.0,
FSM,2009.0,
FSM,2010.0,
FSM,2011.0,
FSM,2012.0,
FSM,2013.0,
FSM,2014.0,
FSM,2015.0,
MDA,1997.0,
MDA,1998.0,
MDA,1999.0,
MDA,2000.0,
MDA,2001.0,
MDA,2002.0,
MDA,2003.0,
MDA,2004.0,
MDA,2005.0,
MDA,2006.0,
MDA,2007.0,
MDA,2008.0,
MDA,2009.0,
MDA,2010.0,
MDA,2011.0,
MDA,2012.0,
MDA,2013.0,
MDA,2014.0,
MDA,2015.0,
MNG,1997.0,
MNG,1998.0,
MNG,1999.0,
MNG,2000.0,
MNG,2001.0,
MNG,2002.0,
MNG,2003.0,
MNG,2004.0,
MNG,2005.0,
MNG,2006.0,
MNG,2007.0,
MNG,2008.0,
MNG,2009.0,
MNG,2010.0,
MNG,2011.0,
MNG,2012.0,
MNG,2013.0,
MNG,2014.0,
MNG,2015.0,
MNE,1997.0,
MNE,1998.0,
MNE,1999.0,
MNE,2000.0,
MNE,2001.0,
MNE,2002.0,
MNE,2003.0,
MNE,2004.0,
MNE,2005.0,
MNE,2006.0,
MNE,2007.0,
MNE,2008.0,
MNE,2009.0,
MNE,2010.0,
MNE,2011.0,
MNE,2012.0,
MNE,2013.0,
MNE,2014.0,
MNE,2015.0,
MAR,1997.0,
MAR,1998.0,
MAR,1999.0,
MAR,2000.0,
MAR,2001.0,
MAR,2002.0,
MAR,2003.0,
MAR,2004.0,
MAR,2005.0,
MAR,2006.0,
MAR,2007.0,54.2
MAR,2008.0,172.9166666666667
MAR,2009.0,190.4166666666667
MAR,2010.0,127.8333333333333
MAR,2011.0,215.0909090909091
MAR,2012.0,258.5408333333333
MAR,2013.0,223.0709090909091
MAR,2014.0,182.0878333333334
MAR,2015.0,188.2966666666667
MOZ,1997.0,
MOZ,1998.0,
MOZ,1999.0,
MOZ,2000.0,
MOZ,2001.0,
MOZ,2002.0,
MOZ,2003.0,
MOZ,2004.0,
MOZ,2005.0,
MOZ,2006.0,
MOZ,2007.0,
MOZ,2008.0,
MOZ,2009.0,
MOZ,2010.0,
MOZ,2011.0,
MOZ,2012.0,
MOZ,2013.0,
MOZ,2014.0,
MOZ,2015.0,
MMR,1997.0,
MMR,1998.0,
MMR,1999.0,
MMR,2000.0,
MMR,2001.0,
MMR,2002.0,
MMR,2003.0,
MMR,2004.0,
MMR,2005.0,
MMR,2006.0,
MMR,2007.0,
MMR,2008.0,
MMR,2009.0,
MMR,2010.0,
MMR,2011.0,
MMR,2012.0,
MMR,2013.0,
MMR,2014.0,
MMR,2015.0,
NAM,1997.0,
NAM,1998.0,
NAM,1999.0,
NAM,2000.0,
NAM,2001.0,
NAM,2002.0,
NAM,2003.0,
NAM,2004.0,
NAM,2005.0,
NAM,2006.0,
NAM,2007.0,
NAM,2008.0,
NAM,2009.0,
NAM,2010.0,
NAM,2011.0,
NAM,2012.0,
NAM,2013.0,
NAM,2014.0,
NAM,2015.0,
NRU,1997.0,
NRU,1998.0,
NRU,1999.0,
NRU,2000.0,
NRU,2001.0,
NRU,2002.0,
NRU,2003.0,
NRU,2004.0,
NRU,2005.0,
NRU,2006.0,
NRU,2007.0,
NRU,2008.0,
NRU,2009.0,
NRU,2010.0,
NRU,2011.0,
NRU,2012.0,
NRU,2013.0,
NRU,2014.0,
NRU,2015.0,
NPL,1997.0,
NPL,1998.0,
NPL,1999.0,
NPL,2000.0,
NPL,2001.0,
NPL,2002.0,
NPL,2003.0,
NPL,2004.0,
NPL,2005.0,
NPL,2006.0,
NPL,2007.0,
NPL,2008.0,
NPL,2009.0,
NPL,2010.0,
NPL,2011.0,
NPL,2012.0,
NPL,2013.0,
NPL,2014.0,
NPL,2015.0,
NLD,1997.0,
NLD,1998.0,
NLD,1999.0,
NLD,2000.0,
NLD,2001.0,
NLD,2002.0,
NLD,2003.0,
NLD,2004.0,
NLD,2005.0,
NLD,2006.0,
NLD,2007.0,
NLD,2008.0,52.723
NLD,2009.0,54.976
NLD,2010.0,45.261
NLD,2011.0,67.88933333333333
NLD,2012.0,86.59991666666667
NLD,2013.0,49.02325000000001
NLD,2014.0,28.95
NLD,2015.0,17.87241666666667
NZL,1997.0,
NZL,1998.0,
NZL,1999.0,
NZL,2000.0,
NZL,2001.0,
NZL,2002.0,
NZL,2003.0,
NZL,2004.0,
NZL,2005.0,
NZL,2006.0,
NZL,2007.0,
NZL,2008.0,81.8
NZL,2009.0,89.08333333333333
NZL,2010.0,59.08333333333334
NZL,2011.0,78.33333333333333
NZL,2012.0,75.47333333333333
NZL,2013.0,47.18272727272727
NZL,2014.0,37.91908333333333
NZL,2015.0,38.275
NIC,1997.0,
NIC,1998.0,
NIC,1999.0,
NIC,2000.0,
NIC,2001.0,
NIC,2002.0,
NIC,2003.0,
NIC,2004.0,
NIC,2005.0,
NIC,2006.0,
NIC,2007.0,
NIC,2008.0,
NIC,2009.0,
NIC,2010.0,
NIC,2011.0,
NIC,2012.0,
NIC,2013.0,
NIC,2014.0,
NIC,2015.0,
NER,1997.0,
NER,1998.0,
NER,1999.0,
NER,2000.0,
NER,2001.0,
NER,2002.0,
NER,2003.0,
NER,2004.0,
NER,2005.0,
NER,2006.0,
NER,2007.0,
NER,2008.0,
NER,2009.0,
NER,2010.0,
NER,2011.0,
NER,2012.0,
NER,2013.0,
NER,2014.0,
NER,2015.0,
NGA,1997.0,
NGA,1998.0,
NGA,1999.0,
NGA,2000.0,
NGA,2001.0,
NGA,2002.0,
NGA,2003.0,
NGA,2004.0,
NGA,2005.0,
NGA,2006.0,
NGA,2007.0,
NGA,2008.0,
NGA,2009.0,
NGA,2010.0,
NGA,2011.0,
NGA,2012.0,
NGA,2013.0,
NGA,2014.0,
NGA,2015.0,
MKD,1997.0,
MKD,1998.0,
MKD,1999.0,
MKD,2000.0,
MKD,2001.0,
MKD,2002.0,
MKD,2003.0,
MKD,2004.0,
MKD,2005.0,
MKD,2006.0,
MKD,2007.0,
MKD,2008.0,
MKD,2009.0,
MKD,2010.0,
MKD,2011.0,
MKD,2012.0,
MKD,2013.0,
MKD,2014.0,
MKD,2015.0,
NOR,1997.0,
NOR,1998.0,
NOR,1999.0,
NOR,2000.0,
NOR,2001.0,
NOR,2002.0,
NOR,2003.0,
NOR,2004.0,
NOR,2005.0,
NOR,2006.0,
NOR,2007.0,
NOR,2008.0,
NOR,2009.0,29.66818181818182
NOR,2010.0,21.94658333333333
NOR,2011.0,30.53233333333334
NOR,2012.0,25.767
NOR,2013.0,16.69008333333333
NOR,2014.0,13.4128
NOR,2015.0,13.388
OMN,1997.0,
OMN,1998.0,
OMN,1999.0,
OMN,2000.0,
OMN,2001.0,
OMN,2002.0,
OMN,2003.0,
OMN,2004.0,
OMN,2005.0,
OMN,2006.0,
OMN,2007.0,
OMN,2008.0,
OMN,2009.0,
OMN,2010.0,
OMN,2011.0,
OMN,2012.0,
OMN,2013.0,
OMN,2014.0,
OMN,2015.0,
PAK,1997.0,
PAK,1998.0,
PAK,1999.0,
PAK,2000.0,
PAK,2001.0,
PAK,2002.0,
PAK,2003.0,
PAK,2004.0,
PAK,2005.0,
PAK,2006.0,223.75
PAK,2007.0,347.111
PAK,2008.0,
PAK,2009.0,
PAK,2010.0,
PAK,2011.0,
PAK,2012.0,
PAK,2013.0,
PAK,2014.0,
PAK,2015.0,
PLW,1997.0,
PLW,1998.0,
PLW,1999.0,
PLW,2000.0,
PLW,2001.0,
PLW,2002.0,
PLW,2003.0,
PLW,2004.0,
PLW,2005.0,
PLW,2006.0,
PLW,2007.0,
PLW,2008.0,
PLW,2009.0,
PLW,2010.0,
PLW,2011.0,
PLW,2012.0,
PLW,2013.0,
PLW,2014.0,
PLW,2015.0,
PAN,1997.0,
PAN,1998.0,263.5714285714286
PAN,1999.0,363.75
PAN,2000.0,263.75
PAN,2001.0,317.0833333333333
PAN,2002.0,478.75
PAN,2003.0,368.758
PAN,2004.0,268.1554166666666
PAN,2005.0,179.3906666666667
PAN,2006.0,112.2641666666667
PAN,2007.0,92.10333333333334
PAN,2008.0,200.1666666666667
PAN,2009.0,243.5
PAN,2010.0,118.5
PAN,2011.0,120.75
PAN,2012.0,117.4091666666666
PAN,2013.0,113.7372727272727
PAN,2014.0,94.22375
PAN,2015.0,149.7841666666667
PNG,1997.0,
PNG,1998.0,
PNG,1999.0,
PNG,2000.0,
PNG,2001.0,
PNG,2002.0,
PNG,2003.0,
PNG,2004.0,
PNG,2005.0,
PNG,2006.0,
PNG,2007.0,
PNG,2008.0,
PNG,2009.0,
PNG,2010.0,
PNG,2011.0,
PNG,2012.0,
PNG,2013.0,
PNG,2014.0,
PNG,2015.0,
PRY,1997.0,
PRY,1998.0,
PRY,1999.0,
PRY,2000.0,
PRY,2001.0,
PRY,2002.0,
PRY,2003.0,
PRY,2004.0,
PRY,2005.0,
PRY,2006.0,
PRY,2007.0,
PRY,2008.0,
PRY,2009.0,
PRY,2010.0,
PRY,2011.0,
PRY,2012.0,
PRY,2013.0,
PRY,2014.0,
PRY,2015.0,
PER,1997.0,
PER,1998.0,514.8571428571429
PER,1999.0,367.25
PER,2000.0,363.75
PER,2001.0,531.6666666666666
PER,2002.0,670.1666666666666
PER,2003.0,488.4318333333333
PER,2004.0,359.9125
PER,2005.0,191.4271666666666
PER,2006.0,146.3058333333333
PER,2007.0,92.32166666666667
PER,2008.0,181.0833333333333
PER,2009.0,221.8333333333333
PER,2010.0,124.0
PER,2011.0,145.0
PER,2012.0,127.7233333333333
PER,2013.0,119.9272727272727
PER,2014.0,101.9651666666667
PER,2015.0,152.9958333333333
PHL,1997.0,
PHL,1998.0,583.1428571428571
PHL,1999.0,281.6
PHL,2000.0,
PHL,2001.0,502.0833333333333
PHL,2002.0,425.6666666666667
PHL,2003.0,481.25
PHL,2004.0,482.9166666666667
PHL,2005.0,364.3333333333333
PHL,2006.0,175.5191666666666
PHL,2007.0,137.4575
PHL,2008.0,286.5
PHL,2009.0,250.4166666666667
PHL,2010.0,158.6666666666667
PHL,2011.0,162.75
PHL,2012.0,141.2333333333333
PHL,2013.0,111.0627272727273
PHL,2014.0,95.06233333333334
PHL,2015.0,100.2391666666667
POL,1997.0,118.6726
POL,1998.0,136.6149166666667
POL,1999.0,73.0
POL,2000.0,41.83333333333334
POL,2001.0,45.0
POL,2002.0,61.66666666666666
POL,2003.0,47.08333333333334
POL,2004.0,24.75
POL,2005.0,16.20833333333333
POL,2006.0,19.64166666666667
POL,2007.0,14.205
POL,2008.0,98.04166666666667
POL,2009.0,184.75
POL,2010.0,133.785
POL,2011.0,194.7183333333333
POL,2012.0,166.1375
POL,2013.0,87.4909090909091
POL,2014.0,69.65416666666665
POL,2015.0,67.49333333333333
PRT,1997.0,
PRT,1998.0,
PRT,1999.0,
PRT,2000.0,
PRT,2001.0,
PRT,2002.0,
PRT,2003.0,8.575
PRT,2004.0,6.328166666666667
PRT,2005.0,6.21525
PRT,2006.0,7.5
PRT,2007.0,7.75
PRT,2008.0,48.75
PRT,2009.0,81.91666666666667
PRT,2010.0,316.4166666666667
PRT,2011.0,847.8333333333334
PRT,2012.0,874.4825000000001
PRT,2013.0,402.0254545454545
PRT,2014.0,187.6961666666667
PRT,2015.0,149.9408333333333
PRI,1997.0,
PRI,1998.0,
PRI,1999.0,
PRI,2000.0,
PRI,2001.0,
PRI,2002.0,
PRI,2003.0,
PRI,2004.0,
PRI,2005.0,
PRI,2006.0,
PRI,2007.0,
PRI,2008.0,
PRI,2009.0,
PRI,2010.0,
PRI,2011.0,
PRI,2012.0,
PRI,2013.0,
PRI,2014.0,
PRI,2015.0,
QAT,1997.0,
QAT,1998.0,
QAT,1999.0,
QAT,2000.0,
QAT,2001.0,
QAT,2002.0,152.0
QAT,2003.0,80.75
QAT,2004.0,40.0
QAT,2005.0,29.18666666666667
QAT,2006.0,22.51416666666666
QAT,2007.0,16.51916666666667
QAT,2008.0,101.5
QAT,2009.0,168.75
QAT,2010.0,92.33333333333333
QAT,2011.0,106.75
QAT,2012.0,113.8416666666667
QAT,2013.0,70.46818181818182
QAT,2014.0,60.78958333333333
QAT,2015.0,74.1525
ROU,1997.0,
ROU,1998.0,
ROU,1999.0,
ROU,2000.0,
ROU,2001.0,
ROU,2002.0,405.0
ROU,2003.0,273.9166666666667
ROU,2004.0,121.3333333333333
ROU,2005.0,50.41666666666666
ROU,2006.0,36.73333333333333
ROU,2007.0,33.87083333333334
ROU,2008.0,276.1666666666667
ROU,2009.0,376.6666666666667
ROU,2010.0,307.5
ROU,2011.0,313.25
ROU,2012.0,334.0891666666667
ROU,2013.0,200.9445454545454
ROU,2014.0,150.58575
ROU,2015.0,121.7475
RUS,1997.0,466.8094
RUS,1998.0,8780.281833333333
RUS,1999.0,6504.666666666667
RUS,2000.0,996.6666666666666
RUS,2001.0,785.0
RUS,2002.0,471.25
RUS,2003.0,273.5833333333333
RUS,2004.0,206.6666666666667
RUS,2005.0,94.16666666666667
RUS,2006.0,54.63666666666666
RUS,2007.0,61.90416666666668
RUS,2008.0,270.25
RUS,2009.0,361.8333333333333
RUS,2010.0,167.1666666666667
RUS,2011.0,183.25
RUS,2012.0,183.1208333333334
RUS,2013.0,166.5009090909091
RUS,2014.0,249.7145833333333
RUS,2015.0,367.0650000000001
RWA,1997.0,
RWA,1998.0,
RWA,1999.0,
RWA,2000.0,
RWA,2001.0,
RWA,2002.0,
RWA,2003.0,
RWA,2004.0,
RWA,2005.0,
RWA,2006.0,
RWA,2007.0,
RWA,2008.0,
RWA,2009.0,
RWA,2010.0,
RWA,2011.0,
RWA,2012.0,
RWA,2013.0,
RWA,2014.0,
RWA,2015.0,
WSM,1997.0,
WSM,1998.0,
WSM,1999.0,
WSM,2000.0,
WSM,2001.0,
WSM,2002.0,
WSM,2003.0,
WSM,2004.0,
WSM,2005.0,
WSM,2006.0,
WSM,2007.0,
WSM,2008.0,
WSM,2009.0,
WSM,2010.0,
WSM,2011.0,
WSM,2012.0,
WSM,2013.0,
WSM,2014.0,
WSM,2015.0,
SMR,1997.0,
SMR,1998.0,
SMR,1999.0,
SMR,2000.0,
SMR,2001.0,
SMR,2002.0,
SMR,2003.0,
SMR,2004.0,
SMR,2005.0,
SMR,2006.0,
SMR,2007.0,
SMR,2008.0,
SMR,2009.0,
SMR,2010.0,
SMR,2011.0,
SMR,2012.0,
SMR,2013.0,
SMR,2014.0,
SMR,2015.0,
STP,1997.0,
STP,1998.0,
STP,1999.0,
STP,2000.0,
STP,2001.0,
STP,2002.0,
STP,2003.0,
STP,2004.0,
STP,2005.0,
STP,2006.0,
STP,2007.0,
STP,2008.0,
STP,2009.0,
STP,2010.0,
STP,2011.0,
STP,2012.0,
STP,2013.0,
STP,2014.0,
STP,2015.0,
SAU,1997.0,
SAU,1998.0,
SAU,1999.0,
SAU,2000.0,
SAU,2001.0,
SAU,2002.0,
SAU,2003.0,
SAU,2004.0,
SAU,2005.0,
SAU,2006.0,
SAU,2007.0,
SAU,2008.0,
SAU,2009.0,150.698
SAU,2010.0,74.869
SAU,2011.0,
SAU,2012.0,
SAU,2013.0,
SAU,2014.0,
SAU,2015.0,
SEN,1997.0,
SEN,1998.0,
SEN,1999.0,
SEN,2000.0,
SEN,2001.0,
SEN,2002.0,
SEN,2003.0,
SEN,2004.0,
SEN,2005.0,
SEN,2006.0,
SEN,2007.0,
SEN,2008.0,
SEN,2009.0,
SEN,2010.0,
SEN,2011.0,
SEN,2012.0,
SEN,2013.0,
SEN,2014.0,
SEN,2015.0,
SRB,1997.0,
SRB,1998.0,
SRB,1999.0,
SRB,2000.0,
SRB,2001.0,
SRB,2002.0,
SRB,2003.0,
SRB,2004.0,
SRB,2005.0,
SRB,2006.0,
SRB,2007.0,
SRB,2008.0,
SRB,2009.0,329.0
SRB,2010.0,279.1666666666667
SRB,2011.0,312.0833333333333
SRB,2012.0,360.0
SRB,2013.0,358.4863636363636
SRB,2014.0,312.5521666666667
SRB,2015.0,279.4066666666667
SYC,1997.0,
SYC,1998.0,
SYC,1999.0,
SYC,2000.0,
SYC,2001.0,
SYC,2002.0,
SYC,2003.0,
SYC,2004.0,
SYC,2005.0,
SYC,2006.0,
SYC,2007.0,
SYC,2008.0,
SYC,2009.0,
SYC,2010.0,
SYC,2011.0,
SYC,2012.0,
SYC,2013.0,
SYC,2014.0,
SYC,2015.0,
SLE,1997.0,
SLE,1998.0,
SLE,1999.0,
SLE,2000.0,
SLE,2001.0,
SLE,2002.0,
SLE,2003.0,
SLE,2004.0,
SLE,2005.0,
SLE,2006.0,
SLE,2007.0,
SLE,2008.0,
SLE,2009.0,
SLE,2010.0,
SLE,2011.0,
SLE,2012.0,
SLE,2013.0,
SLE,2014.0,
SLE,2015.0,
SGP,1997.0,
SGP,1998.0,
SGP,1999.0,
SGP,2000.0,
SGP,2001.0,
SGP,2002.0,
SGP,2003.0,
SGP,2004.0,
SGP,2005.0,
SGP,2006.0,
SGP,2007.0,
SGP,2008.0,
SGP,2009.0,
SGP,2010.0,
SGP,2011.0,
SGP,2012.0,
SGP,2013.0,
SGP,2014.0,
SGP,2015.0,
SVK,1997.0,
SVK,1998.0,
SVK,1999.0,
SVK,2000.0,
SVK,2001.0,132.1666666666667
SVK,2002.0,102.4
SVK,2003.0,36.41666666666666
SVK,2004.0,15.08333333333333
SVK,2005.0,7.416666666666667
SVK,2006.0,10.93083333333333
SVK,2007.0,7.693333333333334
SVK,2008.0,67.29166666666667
SVK,2009.0,103.4166666666667
SVK,2010.0,82.43833333333333
SVK,2011.0,154.2566666666667
SVK,2012.0,194.0483333333333
SVK,2013.0,88.40272727272726
SVK,2014.0,60.2495
SVK,2015.0,48.58000000000001
SVN,1997.0,
SVN,1998.0,
SVN,1999.0,
SVN,2000.0,
SVN,2001.0,
SVN,2002.0,
SVN,2003.0,
SVN,2004.0,
SVN,2005.0,6.833333333333333
SVN,2006.0,5.083333333333333
SVN,2007.0,4.375
SVN,2008.0,93.0015
SVN,2009.0,96.628
SVN,2010.0,75.28166666666667
SVN,2011.0,183.8425833333334
SVN,2012.0,361.94625
SVN,2013.0,310.6140833333333
SVN,2014.0,152.909
SVN,2015.0,120.44275
SLB,1997.0,
SLB,1998.0,
SLB,1999.0,
SLB,2000.0,
SLB,2001.0,
SLB,2002.0,
SLB,2003.0,
SLB,2004.0,
SLB,2005.0,
SLB,2006.0,
SLB,2007.0,
SLB,2008.0,
SLB,2009.0,
SLB,2010.0,
SLB,2011.0,
SLB,2012.0,
SLB,2013.0,
SLB,2014.0,
SLB,2015.0,
SOM,1997.0,
SOM,1998.0,
SOM,1999.0,
SOM,2000.0,
SOM,2001.0,
SOM,2002.0,
SOM,2003.0,
SOM,2004.0,
SOM,2005.0,
SOM,2006.0,
SOM,2007.0,
SOM,2008.0,
SOM,2009.0,
SOM,2010.0,
SOM,2011.0,
SOM,2012.0,
SOM,2013.0,
SOM,2014.0,
SOM,2015.0,
ZAF,1997.0,
ZAF,1998.0,421.8571428571428
ZAF,1999.0,291.0
ZAF,2000.0,197.5
ZAF,2001.0,192.77775
ZAF,2002.0,211.2
ZAF,2003.0,142.1666666666667
ZAF,2004.0,98.75
ZAF,2005.0,57.46166666666667
ZAF,2006.0,50.875
ZAF,2007.0,46.14250000000001
ZAF,2008.0,230.6666666666667
ZAF,2009.0,241.1666666666667
ZAF,2010.0,145.8333333333333
ZAF,2011.0,151.6666666666667
ZAF,2012.0,159.4208333333333
ZAF,2013.0,193.7818181818182
ZAF,2014.0,184.9805833333334
ZAF,2015.0,234.15
SSD,1997.0,
SSD,1998.0,
SSD,1999.0,
SSD,2000.0,
SSD,2001.0,
SSD,2002.0,
SSD,2003.0,
SSD,2004.0,
SSD,2005.0,
SSD,2006.0,
SSD,2007.0,
SSD,2008.0,
SSD,2009.0,
SSD,2010.0,
SSD,2011.0,
SSD,2012.0,
SSD,2013.0,
SSD,2014.0,
SSD,2015.0,
ESP,1997.0,
ESP,1998.0,
ESP,1999.0,
ESP,2000.0,
ESP,2001.0,
ESP,2002.0,
ESP,2003.0,
ESP,2004.0,3.685222222222222
ESP,2005.0,3.264
ESP,2006.0,3.375
ESP,2007.0,6.416666666666667
ESP,2008.0,49.5
ESP,2009.0,93.33333333333333
ESP,2010.0,220.1666666666667
ESP,2011.0,309.5
ESP,2012.0,420.4766666666667
ESP,2013.0,238.0109090909091
ESP,2014.0,91.89316666666666
ESP,2015.0,93.74833333333333
LKA,1997.0,
LKA,1998.0,
LKA,1999.0,
LKA,2000.0,
LKA,2001.0,
LKA,2002.0,
LKA,2003.0,
LKA,2004.0,
LKA,2005.0,
LKA,2006.0,
LKA,2007.0,
LKA,2008.0,
LKA,2009.0,
LKA,2010.0,
LKA,2011.0,
LKA,2012.0,
LKA,2013.0,
LKA,2014.0,
LKA,2015.0,
KNA,1997.0,
KNA,1998.0,
KNA,1999.0,
KNA,2000.0,
KNA,2001.0,
KNA,2002.0,
KNA,2003.0,
KNA,2004.0,
KNA,2005.0,
KNA,2006.0,
KNA,2007.0,
KNA,2008.0,
KNA,2009.0,
KNA,2010.0,
KNA,2011.0,
KNA,2012.0,
KNA,2013.0,
KNA,2014.0,
KNA,2015.0,
LCA,1997.0,
LCA,1998.0,
LCA,1999.0,
LCA,2000.0,
LCA,2001.0,
LCA,2002.0,
LCA,2003.0,
LCA,2004.0,
LCA,2005.0,
LCA,2006.0,
LCA,2007.0,
LCA,2008.0,
LCA,2009.0,
LCA,2010.0,
LCA,2011.0,
LCA,2012.0,
LCA,2013.0,
LCA,2014.0,
LCA,2015.0,
VCT,1997.0,
VCT,1998.0,
VCT,1999.0,
VCT,2000.0,
VCT,2001.0,
VCT,2002.0,
VCT,2003.0,
VCT,2004.0,
VCT,2005.0,
VCT,2006.0,
VCT,2007.0,
VCT,2008.0,
VCT,2009.0,
VCT,2010.0,
VCT,2011.0,
VCT,2012.0,
VCT,2013.0,
VCT,2014.0,
VCT,2015.0,
SDN,1997.0,
SDN,1998.0,
SDN,1999.0,
SDN,2000.0,
SDN,2001.0,
SDN,2002.0,
SDN,2003.0,
SDN,2004.0,
SDN,2005.0,
SDN,2006.0,
SDN,2007.0,
SDN,2008.0,
SDN,2009.0,
SDN,2010.0,
SDN,2011.0,
SDN,2012.0,
SDN,2013.0,
SDN,2014.0,
SDN,2015.0,
SUR,1997.0,
SUR,1998.0,
SUR,1999.0,
SUR,2000.0,
SUR,2001.0,
SUR,2002.0,
SUR,2003.0,
SUR,2004.0,
SUR,2005.0,
SUR,2006.0,
SUR,2007.0,
SUR,2008.0,
SUR,2009.0,
SUR,2010.0,
SUR,2011.0,
SUR,2012.0,
SUR,2013.0,
SUR,2014.0,
SUR,2015.0,
SWE,1997.0,
SWE,1998.0,
SWE,1999.0,
SWE,2000.0,
SWE,2001.0,
SWE,2002.0,
SWE,2003.0,
SWE,2004.0,2.291666666666667
SWE,2005.0,1.770833333333333
SWE,2006.0,1.979166666666667
SWE,2007.0,2.12
SWE,2008.0,33.09828571428572
SWE,2009.0,68.78941666666667
SWE,2010.0,36.75583333333333
SWE,2011.0,43.85916666666666
SWE,2012.0,42.6995
SWE,2013.0,19.49375
SWE,2014.0,15.452
SWE,2015.0,13.329
CHE,1997.0,
CHE,1998.0,
CHE,1999.0,
CHE,2000.0,
CHE,2001.0,
CHE,2002.0,
CHE,2003.0,
CHE,2004.0,
CHE,2005.0,
CHE,2006.0,
CHE,2007.0,
CHE,2008.0,
CHE,2009.0,58.073
CHE,2010.0,47.33016666666666
CHE,2011.0,46.505
CHE,2012.0,
CHE,2013.0,
CHE,2014.0,
CHE,2015.0,
SYR,1997.0,
SYR,1998.0,
SYR,1999.0,
SYR,2000.0,
SYR,2001.0,
SYR,2002.0,
SYR,2003.0,
SYR,2004.0,
SYR,2005.0,
SYR,2006.0,
SYR,2007.0,
SYR,2008.0,
SYR,2009.0,
SYR,2010.0,
SYR,2011.0,
SYR,2012.0,
SYR,2013.0,
SYR,2014.0,
SYR,2015.0,
TJK,1997.0,
TJK,1998.0,
TJK,1999.0,
TJK,2000.0,
TJK,2001.0,
TJK,2002.0,
TJK,2003.0,
TJK,2004.0,
TJK,2005.0,
TJK,2006.0,
TJK,2007.0,
TJK,2008.0,
TJK,2009.0,
TJK,2010.0,
TJK,2011.0,
TJK,2012.0,
TJK,2013.0,
TJK,2014.0,
TJK,2015.0,
TZA,1997.0,
TZA,1998.0,
TZA,1999.0,
TZA,2000.0,
TZA,2001.0,
TZA,2002.0,
TZA,2003.0,
TZA,2004.0,
TZA,2005.0,
TZA,2006.0,
TZA,2007.0,
TZA,2008.0,
TZA,2009.0,
TZA,2010.0,
TZA,2011.0,
TZA,2012.0,
TZA,2013.0,
TZA,2014.0,
TZA,2015.0,
THA,1997.0,
THA,1998.0,606.0
THA,1999.0,200.3
THA,2000.0,
THA,2001.0,
THA,2002.0,133.8888888888889
THA,2003.0,48.66666666666666
THA,2004.0,38.08333333333334
THA,2005.0,34.875
THA,2006.0,36.13083333333334
THA,2007.0,46.13333333333333
THA,2008.0,148.0
THA,2009.0,147.8333333333333
THA,2010.0,114.8333333333333
THA,2011.0,146.0833333333333
THA,2012.0,127.4058333333333
THA,2013.0,110.8945454545455
THA,2014.0,112.4471666666667
THA,2015.0,120.0316666666667
TLS,1997.0,
TLS,1998.0,
TLS,1999.0,
TLS,2000.0,
TLS,2001.0,
TLS,2002.0,
TLS,2003.0,
TLS,2004.0,
TLS,2005.0,
TLS,2006.0,
TLS,2007.0,
TLS,2008.0,
TLS,2009.0,
TLS,2010.0,
TLS,2011.0,
TLS,2012.0,
TLS,2013.0,
TLS,2014.0,
TLS,2015.0,
TGO,1997.0,
TGO,1998.0,
TGO,1999.0,
TGO,2000.0,
TGO,2001.0,
TGO,2002.0,
TGO,2003.0,
TGO,2004.0,
TGO,2005.0,
TGO,2006.0,
TGO,2007.0,
TGO,2008.0,
TGO,2009.0,
TGO,2010.0,
TGO,2011.0,
TGO,2012.0,
TGO,2013.0,
TGO,2014.0,
TGO,2015.0,
TON,1997.0,
TON,1998.0,
TON,1999.0,
TON,2000.0,
TON,2001.0,
TON,2002.0,
TON,2003.0,
TON,2004.0,
TON,2005.0,
TON,2006.0,
TON,2007.0,
TON,2008.0,
TON,2009.0,
TON,2010.0,
TON,2011.0,
TON,2012.0,
TON,2013.0,
TON,2014.0,
TON,2015.0,
TTO,1997.0,
TTO,1998.0,
TTO,1999.0,
TTO,2000.0,
TTO,2001.0,
TTO,2002.0,
TTO,2003.0,
TTO,2004.0,
TTO,2005.0,
TTO,2006.0,
TTO,2007.0,
TTO,2008.0,
TTO,2009.0,
TTO,2010.0,
TTO,2011.0,
TTO,2012.0,
TTO,2013.0,
TTO,2014.0,
TTO,2015.0,
TUN,1997.0,
TUN,1998.0,
TUN,1999.0,
TUN,2000.0,
TUN,2001.0,
TUN,2002.0,
TUN,2003.0,
TUN,2004.0,
TUN,2005.0,
TUN,2006.0,53.375
TUN,2007.0,44.35
TUN,2008.0,117.0833333333333
TUN,2009.0,
TUN,2010.0,127.153
TUN,2011.0,227.344
TUN,2012.0,291.6365
TUN,2013.0,348.717
TUN,2014.0,
TUN,2015.0,
TUR,1997.0,
TUR,1998.0,727.0
TUR,1999.0,742.0833333333334
TUR,2000.0,433.3333333333333
TUR,2001.0,855.0
TUR,2002.0,857.0833333333334
TUR,2003.0,736.6666666666666
TUR,2004.0,390.75
TUR,2005.0,242.5
TUR,2006.0,184.8983333333333
TUR,2007.0,169.315
TUR,2008.0,305.0
TUR,2009.0,279.9166666666667
TUR,2010.0,170.5
TUR,2011.0,208.1666666666667
TUR,2012.0,204.7416666666667
TUR,2013.0,177.6518181818182
TUR,2014.0,194.2958333333334
TUR,2015.0,236.2141666666667
TKM,1997.0,
TKM,1998.0,
TKM,1999.0,
TKM,2000.0,
TKM,2001.0,
TKM,2002.0,
TKM,2003.0,
TKM,2004.0,
TKM,2005.0,
TKM,2006.0,
TKM,2007.0,
TKM,2008.0,
TKM,2009.0,
TKM,2010.0,
TKM,2011.0,
TKM,2012.0,
TKM,2013.0,
TKM,2014.0,
TKM,2015.0,
TCA,1997.0,
TCA,1998.0,
TCA,1999.0,
TCA,2000.0,
TCA,2001.0,
TCA,2002.0,
TCA,2003.0,
TCA,2004.0,
TCA,2005.0,
TCA,2006.0,
TCA,2007.0,
TCA,2008.0,
TCA,2009.0,
TCA,2010.0,
TCA,2011.0,
TCA,2012.0,
TCA,2013.0,
TCA,2014.0,
TCA,2015.0,
TUV,1997.0,
TUV,1998.0,
TUV,1999.0,
TUV,2000.0,
TUV,2001.0,
TUV,2002.0,
TUV,2003.0,
TUV,2004.0,
TUV,2005.0,
TUV,2006.0,
TUV,2007.0,
TUV,2008.0,
TUV,2009.0,
TUV,2010.0,
TUV,2011.0,
TUV,2012.0,
TUV,2013.0,
TUV,2014.0,
TUV,2015.0,
UGA,1997.0,
UGA,1998.0,
UGA,1999.0,
UGA,2000.0,
UGA,2001.0,
UGA,2002.0,
UGA,2003.0,
UGA,2004.0,
UGA,2005.0,
UGA,2006.0,
UGA,2007.0,
UGA,2008.0,
UGA,2009.0,
UGA,2010.0,
UGA,2011.0,
UGA,2012.0,
UGA,2013.0,
UGA,2014.0,
UGA,2015.0,
UKR,1997.0,
UKR,1998.0,
UKR,1999.0,
UKR,2000.0,
UKR,2001.0,
UKR,2002.0,
UKR,2003.0,277.0
UKR,2004.0,344.1666666666667
UKR,2005.0,188.5
UKR,2006.0,184.2983333333333
UKR,2007.0,175.1483333333333
UKR,2008.0,907.75
UKR,2009.0,2083.75
UKR,2010.0,625.6666666666666
UKR,2011.0,583.5
UKR,2012.0,763.9049999999999
UKR,2013.0,761.1527272727271
UKR,2014.0,1286.377166666666
UKR,2015.0,31302.22333333333
ARE,1997.0,
ARE,1998.0,
ARE,1999.0,
ARE,2000.0,
ARE,2001.0,
ARE,2002.0,
ARE,2003.0,
ARE,2004.0,
ARE,2005.0,
ARE,2006.0,
ARE,2007.0,
ARE,2008.0,
ARE,2009.0,509.6737999999999
ARE,2010.0,461.8035833333333
ARE,2011.0,421.1431428571428
ARE,2012.0,326.3924166666667
ARE,2013.0,223.6969166666667
ARE,2014.0,199.4274166666667
ARE,2015.0,194.0903636363637
GBR,1997.0,
GBR,1998.0,
GBR,1999.0,
GBR,2000.0,
GBR,2001.0,
GBR,2002.0,
GBR,2003.0,
GBR,2004.0,
GBR,2005.0,
GBR,2006.0,
GBR,2007.0,
GBR,2008.0,61.7678
GBR,2009.0,84.44375
GBR,2010.0,74.25666666666667
GBR,2011.0,72.84299999999999
GBR,2012.0,56.30641666666666
GBR,2013.0,39.18558333333334
GBR,2014.0,21.58166666666666
GBR,2015.0,18.74775
USA,1997.0,
USA,1998.0,
USA,1999.0,
USA,2000.0,
USA,2001.0,
USA,2002.0,
USA,2003.0,
USA,2004.0,
USA,2005.0,
USA,2006.0,
USA,2007.0,
USA,2008.0,
USA,2009.0,27.76225
USA,2010.0,41.08391666666667
USA,2011.0,48.90016666666666
USA,2012.0,39.01266666666667
USA,2013.0,31.46941666666666
USA,2014.0,19.17233333333333
USA,2015.0,16.79175
URY,1997.0,
URY,1998.0,
URY,1999.0,
URY,2000.0,
URY,2001.0,
URY,2002.0,
URY,2003.0,
URY,2004.0,
URY,2005.0,279.679
URY,2006.0,156.4758333333334
URY,2007.0,110.9308333333333
URY,2008.0,208.6666666666667
URY,2009.0,265.0
URY,2010.0,185.0
URY,2011.0,187.4166666666667
URY,2012.0,148.3975
URY,2013.0,166.1918181818182
URY,2014.0,171.2788333333333
URY,2015.0,337.7866666666666
UZB,1997.0,
UZB,1998.0,
UZB,1999.0,
UZB,2000.0,
UZB,2001.0,
UZB,2002.0,
UZB,2003.0,
UZB,2004.0,
UZB,2005.0,
UZB,2006.0,
UZB,2007.0,
UZB,2008.0,
UZB,2009.0,
UZB,2010.0,
UZB,2011.0,
UZB,2012.0,
UZB,2013.0,
UZB,2014.0,
UZB,2015.0,
VUT,1997.0,
VUT,1998.0,
VUT,1999.0,
VUT,2000.0,
VUT,2001.0,
VUT,2002.0,
VUT,2003.0,
VUT,2004.0,
VUT,2005.0,
VUT,2006.0,
VUT,2007.0,
VUT,2008.0,
VUT,2009.0,
VUT,2010.0,
VUT,2011.0,
VUT,2012.0,
VUT,2013.0,
VUT,2014.0,
VUT,2015.0,
VEN,1997.0,355.0848
VEN,1998.0,1136.312833333333
VEN,1999.0,1054.333333333333
VEN,2000.0,764.1666666666666
VEN,2001.0,951.25
VEN,2002.0,1362.916666666667
VEN,2003.0,1182.343416666667
VEN,2004.0,549.9216666666666
VEN,2005.0,298.8269166666666
VEN,2006.0,145.6425
VEN,2007.0,297.6066666666666
VEN,2008.0,1076.833333333333
VEN,2009.0,1557.0
VEN,2010.0,1117.083333333333
VEN,2011.0,1026.25
VEN,2012.0,786.1574999999999
VEN,2013.0,900.4254999999999
VEN,2014.0,1649.216916666667
VEN,2015.0,5425.088333333332
VNM,1997.0,
VNM,1998.0,
VNM,1999.0,
VNM,2000.0,
VNM,2001.0,385.0
VNM,2002.0,332.9166666666667
VNM,2003.0,258.3333333333333
VNM,2004.0,
VNM,2005.0,
VNM,2006.0,88.724
VNM,2007.0,57.1
VNM,2008.0,362.9
VNM,2009.0,318.75
VNM,2010.0,260.1666666666667
VNM,2011.0,371.1666666666667
VNM,2012.0,298.4066666666666
VNM,2013.0,235.1790909090909
VNM,2014.0,212.3130833333333
VNM,2015.0,219.8208333333333
PSE,1997.0,
PSE,1998.0,
PSE,1999.0,
PSE,2000.0,
PSE,2001.0,
PSE,2002.0,
PSE,2003.0,
PSE,2004.0,
PSE,2005.0,
PSE,2006.0,
PSE,2007.0,
PSE,2008.0,
PSE,2009.0,
PSE,2010.0,
PSE,2011.0,
PSE,2012.0,
PSE,2013.0,
PSE,2014.0,
PSE,2015.0,
YEM,1997.0,
YEM,1998.0,
YEM,1999.0,
YEM,2000.0,
YEM,2001.0,
YEM,2002.0,
YEM,2003.0,
YEM,2004.0,
YEM,2005.0,
YEM,2006.0,
YEM,2007.0,
YEM,2008.0,
YEM,2009.0,
YEM,2010.0,
YEM,2011.0,
YEM,2012.0,
YEM,2013.0,
YEM,2014.0,
YEM,2015.0,
ZMB,1997.0,
ZMB,1998.0,
ZMB,1999.0,
ZMB,2000.0,
ZMB,2001.0,
ZMB,2002.0,
ZMB,2003.0,
ZMB,2004.0,
ZMB,2005.0,
ZMB,2006.0,
ZMB,2007.0,
ZMB,2008.0,
ZMB,2009.0,
ZMB,2010.0,
ZMB,2011.0,
ZMB,2012.0,
ZMB,2013.0,
ZMB,2014.0,
ZMB,2015.0,
ZWE,1997.0,
ZWE,1998.0,
ZWE,1999.0,
ZWE,2000.0,
ZWE,2001.0,
ZWE,2002.0,
ZWE,2003.0,
ZWE,2004.0,
ZWE,2005.0,
ZWE,2006.0,
ZWE,2007.0,
ZWE,2008.0,
ZWE,2009.0,
ZWE,2010.0,
ZWE,2011.0,
ZWE,2012.0,
ZWE,2013.0,
ZWE,2014.0,
ZWE,2015.0,
